age,weight,length,sex,bmi,dm,htn,current_smoker,ex_smoker,fh,obesity,crf,cva,airway_disease,thyroid_disease,chf,dlp,bp,pr,edema,weak_peripheral_pulse,lung_rales,systolic_murmur,diastolic_murmur,typical_chest_pain,dyspnea,function_class,atypical,nonanginal,lowth_ang,q_wave,st_elevation,st_depression,tinversion,lvh,poor_r_progression,bbb,fbs,cr,tg,ldl,hdl,bun,esr,hb,k,na,wbc,lymph,neut,plt,ef_tte,region_rwma,vhd,y_cad,y_lad,y_lcx,y_rca
53.0,90.0,175.0,1.0,29.387755102040817,0.0,1.0,1.0,0.0,0.0,1.0,0.0,0.0,0.0,0.0,0.0,1.0,110.0,80.0,0.0,0.0,0.0,0.0,0.0,0.0,0.0,0.0,0.0,0.0,0.0,0.0,0.0,1.0,1.0,0.0,0.0,N,90.0,0.7,250.0,155.0,30.0,8.0,7.0,15.6,4.7,141.0,5700.0,39.0,52.0,261.0,50.0,0.0,N,1.0,1.0,0.0,1.0
67.0,70.0,157.0,0.0,28.398718000730252,0.0,1.0,0.0,0.0,0.0,1.0,0.0,0.0,0.0,0.0,0.0,0.0,140.0,80.0,1.0,0.0,0.0,0.0,0.0,1.0,0.0,0.0,0.0,0.0,0.0,0.0,0.0,1.0,1.0,0.0,0.0,N,80.0,1.0,309.0,121.0,36.0,30.0,26.0,13.9,4.7,156.0,7700.0,38.0,55.0,165.0,40.0,4.0,N,1.0,1.0,1.0,0.0
54.0,54.0,164.0,1.0,20.077334919690664,0.0,0.0,1.0,0.0,0.0,0.0,0.0,0.0,0.0,0.0,0.0,0.0,100.0,100.0,0.0,0.0,0.0,0.0,0.0,1.0,0.0,0.0,0.0,0.0,0.0,0.0,0.0,0.0,0.0,0.0,0.0,N,85.0,1.0,103.0,70.0,45.0,17.0,10.0,13.5,4.7,139.0,7400.0,38.0,60.0,230.0,40.0,2.0,mild,1.0,1.0,0.0,0.0
66.0,67.0,158.0,0.0,26.83864765261977,0.0,1.0,0.0,0.0,0.0,1.0,0.0,0.0,0.0,0.0,0.0,0.0,100.0,80.0,0.0,0.0,0.0,0.0,1.0,0.0,1.0,3.0,0.0,1.0,0.0,0.0,0.0,1.0,0.0,0.0,0.0,N,78.0,1.2,63.0,55.0,27.0,30.0,76.0,12.1,4.4,142.0,13000.0,18.0,72.0,742.0,55.0,0.0,Severe,0.0,0.0,0.0,0.0
50.0,87.0,153.0,0.0,37.165192874535435,0.0,1.0,0.0,0.0,0.0,1.0,0.0,0.0,0.0,0.0,0.0,0.0,110.0,80.0,0.0,0.0,0.0,1.0,0.0,0.0,1.0,2.0,0.0,0.0,0.0,0.0,0.0,0.0,0.0,0.0,0.0,N,104.0,1.0,170.0,110.0,50.0,16.0,27.0,13.2,4.0,140.0,9200.0,55.0,39.0,274.0,50.0,0.0,Severe,0.0,0.0,0.0,0.0
50.0,75.0,175.0,1.0,24.489795918367346,0.0,0.0,1.0,0.0,0.0,0.0,0.0,0.0,0.0,0.0,0.0,0.0,118.0,70.0,0.0,0.0,0.0,0.0,0.0,1.0,0.0,3.0,0.0,0.0,0.0,0.0,0.0,0.0,0.0,0.0,0.0,N,86.0,1.0,139.0,119.0,34.0,13.0,18.0,15.6,4.2,141.0,7300.0,26.0,66.0,194.0,50.0,0.0,N,1.0,1.0,1.0,1.0
55.0,80.0,165.0,1.0,29.384756657483933,0.0,0.0,0.0,1.0,0.0,1.0,0.0,0.0,0.0,0.0,0.0,0.0,110.0,80.0,0.0,0.0,0.0,1.0,0.0,1.0,0.0,0.0,0.0,0.0,0.0,1.0,1.0,0.0,1.0,0.0,0.0,N,80.0,0.8,83.0,85.0,34.0,12.0,38.0,14.1,4.8,139.0,9400.0,58.0,33.0,292.0,40.0,4.0,mild,1.0,1.0,0.0,0.0
72.0,80.0,175.0,1.0,26.122448979591837,1.0,0.0,1.0,0.0,0.0,1.0,0.0,0.0,0.0,0.0,0.0,1.0,130.0,70.0,0.0,0.0,0.0,0.0,0.0,1.0,0.0,0.0,0.0,0.0,0.0,0.0,0.0,1.0,1.0,0.0,0.0,N,130.0,0.9,80.0,90.0,55.0,19.0,4.0,16.1,4.3,142.0,12200.0,25.0,74.0,410.0,45.0,4.0,mild,1.0,1.0,1.0,1.0
58.0,84.0,163.0,0.0,31.615792841281195,0.0,0.0,0.0,0.0,0.0,1.0,0.0,0.0,0.0,0.0,0.0,0.0,90.0,50.0,0.0,0.0,0.0,0.0,0.0,0.0,1.0,0.0,0.0,1.0,0.0,0.0,0.0,0.0,0.0,0.0,0.0,N,69.0,0.6,79.0,90.0,59.0,15.0,5.0,11.6,3.4,139.0,5100.0,49.0,50.0,370.0,50.0,0.0,N,0.0,0.0,0.0,0.0
60.0,71.0,170.0,1.0,24.56747404844291,1.0,0.0,0.0,0.0,0.0,0.0,0.0,0.0,0.0,0.0,0.0,0.0,130.0,70.0,0.0,0.0,0.0,0.0,0.0,1.0,1.0,2.0,0.0,0.0,0.0,0.0,0.0,0.0,0.0,0.0,0.0,LBBB,209.0,1.3,80.0,90.0,44.0,16.0,8.0,13.9,4.6,140.0,4900.0,55.0,42.0,380.0,40.0,2.0,N,1.0,0.0,1.0,1.0
58.0,75.0,168.0,1.0,26.573129251700685,0.0,1.0,0.0,1.0,0.0,1.0,0.0,0.0,0.0,0.0,0.0,0.0,170.0,70.0,0.0,0.0,0.0,0.0,0.0,1.0,1.0,2.0,0.0,0.0,0.0,0.0,0.0,0.0,0.0,0.0,0.0,N,101.0,0.8,160.0,101.0,33.0,19.0,11.0,14.5,4.2,142.0,5800.0,44.0,52.0,201.0,50.0,0.0,mild,1.0,1.0,1.0,0.0
80.0,67.0,153.0,0.0,28.621470374642232,0.0,1.0,0.0,0.0,0.0,1.0,0.0,0.0,0.0,0.0,0.0,1.0,140.0,100.0,0.0,0.0,0.0,0.0,0.0,1.0,0.0,3.0,0.0,0.0,0.0,0.0,0.0,1.0,1.0,0.0,0.0,N,85.0,1.3,104.0,112.0,44.0,18.0,47.0,10.0,4.3,128.0,11000.0,31.0,66.0,290.0,50.0,3.0,mild,1.0,1.0,1.0,1.0
70.0,70.0,151.0,0.0,30.700407876847507,1.0,1.0,0.0,0.0,0.0,1.0,0.0,0.0,0.0,0.0,0.0,1.0,140.0,84.0,0.0,0.0,0.0,1.0,0.0,0.0,0.0,0.0,1.0,0.0,0.0,0.0,0.0,1.0,1.0,1.0,0.0,N,170.0,1.0,235.0,148.0,25.0,12.0,80.0,12.3,4.3,148.0,11300.0,25.0,70.0,380.0,25.0,4.0,Moderate,1.0,1.0,0.0,1.0
67.0,63.0,154.0,0.0,26.564344746162927,1.0,1.0,0.0,0.0,0.0,1.0,0.0,0.0,0.0,0.0,0.0,1.0,150.0,74.0,0.0,0.0,0.0,0.0,0.0,0.0,1.0,2.0,1.0,0.0,0.0,0.0,0.0,0.0,1.0,0.0,0.0,N,183.0,1.1,358.0,118.0,32.0,20.0,18.0,14.3,4.5,139.0,8100.0,31.0,65.0,254.0,55.0,2.0,mild,1.0,1.0,0.0,1.0
66.0,63.0,155.0,0.0,26.22268470343392,1.0,1.0,0.0,0.0,0.0,1.0,0.0,0.0,0.0,0.0,0.0,1.0,130.0,80.0,0.0,0.0,0.0,0.0,0.0,0.0,1.0,2.0,1.0,0.0,0.0,0.0,0.0,1.0,0.0,0.0,0.0,N,213.0,0.7,125.0,110.0,30.0,12.0,31.0,12.9,4.3,139.0,6400.0,60.0,39.0,217.0,55.0,0.0,mild,1.0,1.0,0.0,0.0
59.0,81.0,167.0,1.0,29.043708989207214,1.0,0.0,0.0,0.0,0.0,1.0,0.0,0.0,0.0,0.0,0.0,1.0,120.0,70.0,0.0,0.0,0.0,0.0,0.0,1.0,1.0,0.0,0.0,0.0,0.0,0.0,0.0,0.0,0.0,0.0,0.0,N,218.0,1.1,130.0,110.0,45.0,11.0,19.0,13.3,4.7,146.0,12100.0,30.0,70.0,280.0,30.0,0.0,Moderate,1.0,1.0,1.0,1.0
41.0,68.0,169.0,1.0,23.80869017191275,0.0,0.0,1.0,0.0,0.0,0.0,0.0,0.0,0.0,0.0,0.0,0.0,130.0,80.0,0.0,0.0,0.0,1.0,0.0,0.0,1.0,2.0,0.0,0.0,0.0,0.0,0.0,0.0,0.0,0.0,0.0,N,65.0,1.1,69.0,130.0,22.0,14.0,13.0,11.4,4.6,148.0,7800.0,48.0,50.0,199.0,35.0,0.0,Severe,0.0,0.0,0.0,0.0
68.0,59.0,161.0,0.0,22.76146753597469,0.0,0.0,0.0,0.0,1.0,0.0,0.0,0.0,0.0,0.0,0.0,1.0,115.0,70.0,0.0,0.0,0.0,0.0,0.0,0.0,0.0,0.0,1.0,0.0,0.0,0.0,0.0,0.0,0.0,0.0,0.0,N,84.0,0.9,114.0,91.0,31.0,23.0,12.0,13.0,4.6,141.0,4900.0,35.0,60.0,194.0,60.0,0.0,N,0.0,0.0,0.0,0.0
60.0,89.0,163.0,0.0,33.49768527230984,1.0,1.0,0.0,0.0,0.0,1.0,0.0,0.0,0.0,0.0,0.0,0.0,110.0,74.0,0.0,0.0,0.0,0.0,0.0,1.0,0.0,0.0,0.0,0.0,0.0,0.0,0.0,1.0,0.0,0.0,0.0,N,240.0,0.9,170.0,93.0,46.0,16.0,17.0,13.1,3.5,140.0,3700.0,30.0,68.0,180.0,55.0,0.0,N,1.0,1.0,0.0,1.0
65.0,72.0,150.0,0.0,32.0,1.0,1.0,0.0,0.0,0.0,1.0,1.0,0.0,0.0,0.0,0.0,1.0,150.0,70.0,0.0,0.0,0.0,0.0,0.0,1.0,0.0,0.0,0.0,0.0,0.0,0.0,0.0,1.0,0.0,0.0,0.0,N,227.0,1.0,230.0,82.0,34.0,18.0,26.0,12.4,3.8,145.0,5300.0,45.0,50.0,227.0,50.0,1.0,N,1.0,0.0,1.0,0.0
47.0,84.0,170.0,0.0,29.065743944636683,0.0,0.0,0.0,0.0,1.0,1.0,0.0,0.0,0.0,0.0,0.0,0.0,130.0,70.0,0.0,0.0,0.0,0.0,0.0,0.0,0.0,0.0,1.0,0.0,0.0,0.0,0.0,0.0,0.0,0.0,0.0,N,104.0,1.0,106.0,137.0,42.0,10.0,12.0,15.4,4.3,142.0,6500.0,40.0,60.0,184.0,50.0,0.0,N,1.0,0.0,1.0,0.0
66.0,89.0,151.0,0.0,39.03337572913469,0.0,1.0,0.0,0.0,0.0,1.0,0.0,0.0,0.0,0.0,0.0,0.0,130.0,80.0,0.0,0.0,0.0,0.0,0.0,1.0,0.0,0.0,0.0,0.0,0.0,0.0,0.0,0.0,0.0,0.0,0.0,N,99.0,1.1,247.0,139.0,35.0,16.0,22.0,10.0,4.3,143.0,5600.0,34.0,60.0,194.0,55.0,0.0,N,1.0,1.0,1.0,0.0
66.0,75.0,170.0,1.0,25.95155709342561,1.0,1.0,0.0,0.0,0.0,1.0,0.0,0.0,0.0,0.0,0.0,0.0,150.0,80.0,0.0,0.0,0.0,0.0,0.0,1.0,0.0,0.0,0.0,0.0,0.0,0.0,0.0,1.0,1.0,0.0,0.0,N,183.0,1.3,74.0,99.0,43.0,15.0,9.0,14.9,3.6,135.0,7600.0,32.0,66.0,184.0,30.0,0.0,N,1.0,1.0,1.0,0.0
72.0,66.0,161.0,0.0,25.461980633463213,1.0,1.0,0.0,0.0,0.0,1.0,0.0,0.0,0.0,0.0,0.0,0.0,160.0,76.0,0.0,0.0,0.0,0.0,0.0,1.0,1.0,0.0,0.0,0.0,0.0,0.0,0.0,0.0,0.0,0.0,0.0,N,154.0,0.7,190.0,112.0,57.0,12.0,20.0,13.5,4.9,138.0,9600.0,28.0,72.0,190.0,50.0,0.0,N,1.0,1.0,0.0,1.0
50.0,66.0,164.0,0.0,24.538964901844146,1.0,0.0,0.0,0.0,1.0,0.0,0.0,0.0,0.0,0.0,0.0,0.0,130.0,60.0,0.0,0.0,0.0,0.0,0.0,1.0,0.0,0.0,0.0,0.0,0.0,0.0,0.0,0.0,1.0,0.0,0.0,N,180.0,0.9,84.0,140.0,40.0,18.0,12.0,12.7,4.6,138.0,5800.0,31.0,60.0,180.0,50.0,0.0,N,1.0,1.0,0.0,0.0
65.0,74.0,164.0,1.0,27.513384889946465,0.0,0.0,0.0,0.0,0.0,1.0,0.0,0.0,0.0,0.0,0.0,0.0,110.0,80.0,0.0,0.0,0.0,0.0,0.0,1.0,0.0,0.0,0.0,0.0,0.0,0.0,1.0,0.0,1.0,0.0,0.0,N,90.0,1.3,140.0,107.0,33.0,19.0,2.0,14.8,5.0,143.0,9300.0,30.0,70.0,192.0,45.0,3.0,mild,1.0,1.0,0.0,0.0
56.0,73.0,173.0,1.0,24.3910588392529,0.0,0.0,0.0,0.0,0.0,0.0,0.0,0.0,0.0,0.0,0.0,1.0,110.0,75.0,0.0,0.0,1.0,1.0,1.0,0.0,1.0,2.0,0.0,0.0,0.0,0.0,0.0,0.0,0.0,0.0,0.0,N,84.0,1.3,103.0,83.0,30.0,22.0,6.0,14.4,3.2,141.0,5900.0,28.0,72.0,230.0,35.0,0.0,Severe,0.0,0.0,0.0,0.0
50.0,81.0,165.0,1.0,29.752066115702483,0.0,1.0,0.0,0.0,0.0,1.0,0.0,0.0,0.0,0.0,0.0,1.0,110.0,80.0,0.0,0.0,0.0,0.0,0.0,0.0,0.0,0.0,1.0,0.0,0.0,0.0,0.0,0.0,0.0,0.0,0.0,N,71.0,0.7,340.0,163.0,46.0,10.0,8.0,14.9,4.5,144.0,6900.0,22.0,70.0,245.0,50.0,0.0,N,1.0,0.0,0.0,1.0
80.0,51.0,148.0,0.0,23.283418553688826,0.0,1.0,0.0,0.0,0.0,0.0,0.0,0.0,0.0,0.0,0.0,1.0,160.0,70.0,0.0,0.0,0.0,0.0,0.0,1.0,0.0,0.0,0.0,0.0,1.0,0.0,0.0,1.0,0.0,0.0,0.0,N,94.0,1.0,168.0,117.0,39.0,13.0,12.0,12.3,5.1,149.0,12400.0,40.0,55.0,260.0,40.0,4.0,mild,1.0,1.0,1.0,0.0
65.0,61.0,150.0,0.0,27.11111111111111,1.0,1.0,0.0,0.0,0.0,1.0,0.0,0.0,0.0,0.0,0.0,1.0,140.0,82.0,0.0,0.0,0.0,0.0,0.0,1.0,0.0,0.0,0.0,0.0,0.0,0.0,0.0,0.0,0.0,0.0,0.0,N,192.0,1.9,190.0,82.0,44.0,30.0,25.0,12.4,3.9,146.0,8100.0,44.0,52.0,290.0,45.0,0.0,mild,1.0,0.0,1.0,0.0
59.0,75.0,156.0,0.0,30.818540433925047,0.0,0.0,0.0,0.0,0.0,1.0,0.0,0.0,0.0,0.0,0.0,1.0,135.0,80.0,0.0,0.0,0.0,0.0,0.0,1.0,0.0,2.0,0.0,0.0,0.0,0.0,0.0,0.0,0.0,0.0,0.0,RBBB,120.0,0.9,282.0,156.0,53.0,12.0,58.0,12.6,3.2,150.0,5800.0,29.0,63.0,198.0,50.0,0.0,mild,1.0,1.0,0.0,0.0
52.0,74.0,180.0,1.0,22.839506172839506,1.0,1.0,0.0,0.0,0.0,0.0,0.0,0.0,1.0,0.0,0.0,1.0,130.0,64.0,0.0,0.0,0.0,0.0,0.0,1.0,1.0,2.0,0.0,0.0,0.0,0.0,0.0,1.0,0.0,0.0,0.0,N,225.0,0.9,177.0,113.0,53.0,22.0,6.0,14.3,4.3,146.0,6600.0,49.0,48.0,178.0,55.0,2.0,mild,1.0,0.0,1.0,1.0
55.0,76.0,150.0,0.0,33.77777777777778,1.0,0.0,0.0,0.0,1.0,1.0,0.0,0.0,0.0,0.0,0.0,0.0,120.0,74.0,0.0,0.0,0.0,0.0,0.0,1.0,0.0,0.0,0.0,0.0,0.0,0.0,0.0,1.0,0.0,0.0,0.0,N,201.0,0.8,167.0,140.0,44.0,20.0,25.0,12.0,5.4,143.0,6800.0,32.0,63.0,289.0,50.0,0.0,mild,1.0,1.0,1.0,1.0
60.0,79.0,174.0,1.0,26.09327520147972,1.0,1.0,0.0,0.0,0.0,1.0,0.0,0.0,0.0,0.0,0.0,1.0,130.0,70.0,0.0,0.0,0.0,0.0,0.0,1.0,0.0,0.0,0.0,0.0,0.0,0.0,0.0,0.0,0.0,0.0,0.0,N,84.0,1.5,242.0,167.0,39.0,24.0,12.0,13.2,4.4,139.0,5100.0,50.0,40.0,156.0,55.0,2.0,mild,1.0,1.0,1.0,1.0
55.0,80.0,167.0,1.0,28.685144680698485,0.0,0.0,0.0,0.0,0.0,1.0,0.0,0.0,0.0,0.0,1.0,1.0,100.0,100.0,0.0,0.0,0.0,1.0,0.0,0.0,1.0,3.0,0.0,0.0,0.0,1.0,0.0,0.0,0.0,0.0,0.0,N,89.0,1.5,240.0,88.0,35.0,26.0,6.0,13.9,5.4,130.0,10000.0,30.0,70.0,210.0,20.0,4.0,Moderate,1.0,1.0,0.0,1.0
47.0,75.0,153.0,0.0,32.038959374599514,0.0,1.0,0.0,0.0,1.0,1.0,0.0,0.0,0.0,0.0,0.0,1.0,100.0,70.0,0.0,0.0,0.0,0.0,0.0,0.0,0.0,0.0,1.0,0.0,0.0,0.0,0.0,0.0,0.0,0.0,0.0,N,83.0,0.9,170.0,166.0,32.0,36.0,13.0,13.6,4.1,139.0,6800.0,45.0,53.0,189.0,55.0,0.0,N,0.0,0.0,0.0,0.0
69.0,65.0,153.0,0.0,27.76709812465291,0.0,1.0,0.0,0.0,0.0,1.0,0.0,0.0,0.0,0.0,0.0,1.0,140.0,64.0,0.0,0.0,0.0,0.0,0.0,1.0,1.0,2.0,0.0,0.0,0.0,0.0,0.0,0.0,0.0,0.0,0.0,N,95.0,1.1,198.0,94.0,47.0,14.0,46.0,10.0,5.0,138.0,6000.0,40.0,55.0,180.0,55.0,2.0,mild,1.0,1.0,1.0,0.0
54.0,74.0,162.0,1.0,28.19692120103642,0.0,1.0,0.0,0.0,1.0,1.0,0.0,0.0,0.0,0.0,0.0,0.0,170.0,64.0,1.0,0.0,1.0,1.0,0.0,0.0,1.0,3.0,1.0,0.0,0.0,0.0,0.0,1.0,0.0,0.0,0.0,N,90.0,1.9,101.0,98.0,44.0,16.0,10.0,11.0,3.8,142.0,12100.0,41.0,58.0,194.0,20.0,4.0,mild,1.0,1.0,1.0,0.0
76.0,56.0,163.0,1.0,21.077195227520797,1.0,0.0,0.0,0.0,0.0,0.0,0.0,0.0,0.0,0.0,0.0,1.0,100.0,70.0,1.0,0.0,1.0,0.0,0.0,0.0,1.0,2.0,0.0,0.0,0.0,0.0,0.0,1.0,0.0,0.0,0.0,N,230.0,1.15,90.0,122.0,41.0,25.0,2.0,10.0,4.9,130.0,18000.0,40.0,60.0,340.0,35.0,4.0,Moderate,1.0,1.0,0.0,0.0
46.0,80.0,175.0,1.0,26.122448979591837,1.0,1.0,0.0,0.0,0.0,1.0,0.0,0.0,0.0,0.0,0.0,0.0,130.0,70.0,0.0,0.0,0.0,0.0,0.0,1.0,0.0,3.0,0.0,0.0,0.0,1.0,1.0,0.0,1.0,0.0,0.0,N,153.0,0.6,204.0,110.0,39.0,15.0,22.0,13.4,4.0,142.0,8000.0,40.0,45.0,230.0,20.0,4.0,Moderate,1.0,1.0,1.0,1.0
76.0,89.0,186.0,1.0,25.725517400855587,0.0,1.0,1.0,0.0,0.0,1.0,0.0,0.0,0.0,0.0,0.0,0.0,160.0,75.0,0.0,0.0,0.0,1.0,0.0,0.0,1.0,3.0,0.0,0.0,0.0,0.0,0.0,0.0,0.0,0.0,0.0,LBBB,90.0,0.8,300.0,70.0,30.0,14.0,8.0,14.5,4.5,141.0,6600.0,22.0,63.0,208.0,25.0,4.0,mild,1.0,1.0,0.0,0.0
40.0,81.0,171.0,1.0,27.70083102493075,0.0,0.0,0.0,0.0,0.0,1.0,0.0,0.0,0.0,0.0,0.0,0.0,110.0,70.0,0.0,0.0,0.0,0.0,0.0,0.0,0.0,0.0,1.0,0.0,0.0,0.0,0.0,0.0,0.0,0.0,0.0,N,80.0,0.9,224.0,131.0,32.0,12.0,12.0,15.0,4.3,139.0,10000.0,33.0,60.0,245.0,50.0,0.0,N,0.0,0.0,0.0,0.0
43.0,74.0,149.0,0.0,33.331831899463985,0.0,1.0,0.0,0.0,0.0,1.0,0.0,0.0,0.0,0.0,0.0,0.0,180.0,80.0,0.0,0.0,0.0,0.0,0.0,0.0,1.0,0.0,0.0,1.0,0.0,0.0,0.0,1.0,1.0,0.0,0.0,N,90.0,0.8,123.0,110.0,47.0,10.0,11.0,12.7,3.8,142.0,6100.0,44.0,50.0,295.0,55.0,0.0,N,0.0,0.0,0.0,0.0
60.0,80.0,165.0,0.0,29.384756657483933,0.0,1.0,1.0,0.0,0.0,1.0,0.0,0.0,0.0,0.0,0.0,0.0,140.0,70.0,0.0,0.0,0.0,0.0,0.0,0.0,1.0,0.0,1.0,0.0,1.0,0.0,0.0,1.0,0.0,0.0,0.0,N,85.0,1.1,310.0,110.0,54.0,21.0,10.0,12.6,3.3,148.0,6700.0,59.0,35.0,194.0,45.0,2.0,N,1.0,1.0,0.0,0.0
73.0,55.0,148.0,0.0,25.10956902848795,1.0,1.0,0.0,0.0,0.0,1.0,0.0,0.0,0.0,0.0,0.0,1.0,120.0,70.0,0.0,1.0,0.0,0.0,0.0,0.0,1.0,2.0,0.0,0.0,0.0,0.0,0.0,0.0,1.0,0.0,0.0,N,62.0,0.5,99.0,153.0,31.0,11.0,90.0,10.7,4.1,140.0,7800.0,30.0,60.0,330.0,45.0,0.0,mild,1.0,0.0,0.0,1.0
51.0,72.0,171.0,1.0,24.622960911049557,0.0,0.0,0.0,0.0,1.0,0.0,0.0,0.0,0.0,0.0,0.0,0.0,110.0,70.0,0.0,0.0,1.0,0.0,0.0,1.0,0.0,2.0,0.0,0.0,0.0,1.0,0.0,1.0,0.0,0.0,0.0,N,80.0,0.8,140.0,104.0,37.0,10.0,17.0,11.5,4.3,138.0,7100.0,19.0,70.0,118.0,35.0,4.0,mild,1.0,1.0,1.0,1.0
57.0,80.0,161.0,0.0,30.86300682844026,0.0,1.0,0.0,0.0,0.0,1.0,0.0,0.0,0.0,0.0,0.0,0.0,140.0,80.0,0.0,0.0,0.0,0.0,0.0,1.0,1.0,0.0,0.0,0.0,0.0,0.0,0.0,0.0,0.0,1.0,0.0,N,106.0,0.9,90.0,77.0,36.0,19.0,11.0,13.0,4.3,141.0,5800.0,42.0,41.0,222.0,45.0,0.0,mild,1.0,1.0,1.0,1.0
68.0,72.0,168.0,0.0,25.510204081632658,1.0,0.0,0.0,0.0,0.0,1.0,0.0,0.0,0.0,0.0,0.0,0.0,130.0,70.0,0.0,0.0,0.0,0.0,0.0,1.0,0.0,2.0,0.0,0.0,0.0,0.0,0.0,1.0,0.0,0.0,0.0,N,140.0,0.9,305.0,199.0,56.0,17.0,34.0,14.0,4.5,142.0,7600.0,34.0,63.0,332.0,45.0,0.0,N,1.0,1.0,1.0,1.0
53.0,61.0,154.0,0.0,25.72103221453871,0.0,0.0,0.0,0.0,0.0,1.0,0.0,0.0,0.0,0.0,0.0,0.0,135.0,100.0,0.0,0.0,0.0,1.0,1.0,0.0,1.0,3.0,0.0,0.0,0.0,0.0,0.0,0.0,0.0,0.0,0.0,N,84.0,0.8,75.0,171.0,45.0,15.0,17.0,14.0,3.9,140.0,7900.0,31.0,60.0,261.0,55.0,0.0,Severe,0.0,0.0,0.0,0.0
61.0,70.0,162.0,0.0,26.672763298277697,1.0,1.0,0.0,0.0,0.0,1.0,0.0,1.0,0.0,0.0,0.0,0.0,140.0,70.0,0.0,0.0,0.0,0.0,0.0,0.0,0.0,0.0,1.0,0.0,0.0,0.0,0.0,0.0,0.0,0.0,0.0,N,105.0,1.0,99.0,98.0,36.0,17.0,20.0,13.4,3.5,142.0,5300.0,40.0,52.0,174.0,45.0,0.0,mild,1.0,0.0,0.0,1.0
73.0,78.0,163.0,1.0,29.357521924046825,0.0,1.0,0.0,0.0,0.0,1.0,0.0,0.0,0.0,0.0,0.0,0.0,140.0,80.0,0.0,0.0,0.0,1.0,1.0,0.0,1.0,2.0,1.0,0.0,0.0,0.0,0.0,0.0,1.0,0.0,0.0,N,83.0,1.4,110.0,97.0,52.0,23.0,3.0,14.5,4.5,145.0,5300.0,38.0,49.0,172.0,45.0,0.0,Moderate,1.0,0.0,1.0,0.0
55.0,65.0,160.0,0.0,25.390624999999996,1.0,1.0,0.0,0.0,0.0,1.0,0.0,0.0,0.0,0.0,0.0,0.0,130.0,68.0,0.0,0.0,0.0,0.0,0.0,1.0,0.0,0.0,0.0,0.0,0.0,0.0,0.0,0.0,0.0,0.0,0.0,N,190.0,0.8,216.0,113.0,30.0,18.0,13.0,13.5,3.8,143.0,6400.0,42.0,50.0,262.0,50.0,0.0,mild,1.0,1.0,1.0,0.0
73.0,54.0,154.0,0.0,22.76943835385394,0.0,0.0,0.0,0.0,0.0,0.0,0.0,0.0,0.0,0.0,0.0,0.0,120.0,70.0,0.0,0.0,0.0,0.0,0.0,1.0,0.0,0.0,0.0,0.0,0.0,0.0,0.0,1.0,0.0,0.0,0.0,N,106.0,0.8,115.0,112.0,43.0,14.0,31.0,11.2,4.1,142.0,6700.0,17.0,76.0,221.0,40.0,4.0,mild,1.0,1.0,0.0,1.0
48.0,76.0,172.0,1.0,25.689561925365066,0.0,0.0,1.0,0.0,1.0,1.0,0.0,0.0,0.0,0.0,0.0,0.0,120.0,70.0,0.0,0.0,0.0,0.0,0.0,0.0,0.0,0.0,0.0,0.0,0.0,0.0,0.0,1.0,0.0,0.0,0.0,N,101.0,1.1,180.0,90.0,27.0,9.0,12.0,14.0,4.0,139.0,14000.0,30.0,70.0,261.0,55.0,2.0,N,1.0,0.0,0.0,1.0
56.0,68.0,166.0,1.0,24.677021338365513,0.0,0.0,0.0,0.0,0.0,0.0,0.0,0.0,0.0,0.0,0.0,0.0,110.0,90.0,0.0,0.0,1.0,1.0,1.0,0.0,1.0,0.0,0.0,1.0,0.0,0.0,0.0,0.0,0.0,0.0,0.0,N,77.0,0.8,85.0,110.0,36.0,17.0,5.0,13.7,4.1,138.0,10900.0,19.0,66.0,182.0,35.0,0.0,Severe,0.0,0.0,0.0,0.0
53.0,80.0,170.0,1.0,27.68166089965398,0.0,1.0,1.0,0.0,0.0,1.0,0.0,0.0,0.0,0.0,0.0,0.0,130.0,75.0,0.0,0.0,0.0,0.0,0.0,1.0,0.0,0.0,0.0,0.0,0.0,0.0,0.0,0.0,1.0,0.0,0.0,N,123.0,0.9,82.0,94.0,31.0,11.0,36.0,14.5,3.7,141.0,6800.0,21.0,67.0,227.0,40.0,1.0,mild,1.0,1.0,1.0,1.0
65.0,79.0,170.0,0.0,27.33564013840831,1.0,1.0,0.0,0.0,0.0,1.0,0.0,0.0,0.0,0.0,0.0,0.0,170.0,90.0,0.0,0.0,0.0,1.0,1.0,1.0,1.0,2.0,0.0,0.0,0.0,0.0,0.0,0.0,0.0,0.0,0.0,N,210.0,1.0,85.0,90.0,55.0,17.0,13.0,13.1,4.2,139.0,5000.0,28.0,65.0,253.0,55.0,1.0,Moderate,1.0,1.0,1.0,1.0
70.0,66.0,164.0,1.0,24.538964901844146,0.0,1.0,0.0,0.0,0.0,0.0,0.0,0.0,0.0,0.0,0.0,0.0,130.0,76.0,0.0,0.0,0.0,0.0,0.0,1.0,0.0,2.0,0.0,0.0,0.0,0.0,0.0,1.0,1.0,0.0,0.0,N,70.0,1.4,132.0,120.0,49.0,33.0,15.0,13.0,4.4,136.0,5800.0,38.0,49.0,186.0,45.0,2.0,mild,1.0,1.0,1.0,1.0
81.0,61.0,165.0,1.0,22.4058769513315,0.0,0.0,1.0,0.0,0.0,0.0,0.0,0.0,0.0,0.0,0.0,0.0,120.0,80.0,0.0,0.0,0.0,0.0,0.0,0.0,0.0,0.0,1.0,0.0,0.0,0.0,0.0,1.0,0.0,0.0,0.0,N,90.0,0.8,96.0,75.0,53.0,12.0,6.0,14.3,4.1,145.0,5100.0,31.0,58.0,188.0,55.0,0.0,N,1.0,1.0,1.0,0.0
56.0,54.0,160.0,0.0,21.093749999999996,0.0,1.0,0.0,0.0,0.0,0.0,0.0,0.0,0.0,0.0,0.0,0.0,150.0,110.0,0.0,0.0,0.0,0.0,0.0,1.0,0.0,0.0,0.0,0.0,0.0,0.0,0.0,0.0,0.0,0.0,0.0,N,97.0,0.8,171.0,78.0,37.0,10.0,51.0,12.2,4.5,141.0,7800.0,22.0,78.0,185.0,50.0,1.0,mild,1.0,1.0,1.0,1.0
47.0,75.0,177.0,1.0,23.93948099205209,0.0,1.0,0.0,0.0,0.0,0.0,0.0,0.0,0.0,0.0,0.0,0.0,160.0,70.0,0.0,0.0,0.0,0.0,0.0,0.0,0.0,0.0,1.0,0.0,0.0,0.0,0.0,0.0,0.0,0.0,0.0,N,95.0,0.9,126.0,90.0,40.0,11.0,1.0,15.3,4.4,138.0,7600.0,30.0,63.0,217.0,45.0,0.0,mild,0.0,0.0,0.0,0.0
47.0,63.0,168.0,1.0,22.321428571428577,0.0,0.0,1.0,0.0,0.0,0.0,0.0,0.0,0.0,0.0,0.0,0.0,110.0,65.0,0.0,0.0,0.0,0.0,0.0,1.0,0.0,2.0,0.0,0.0,0.0,0.0,0.0,0.0,1.0,0.0,0.0,N,88.0,1.0,80.0,70.0,40.0,12.0,19.0,13.1,4.1,143.0,7200.0,22.0,70.0,392.0,60.0,0.0,N,1.0,1.0,0.0,1.0
41.0,120.0,183.0,1.0,35.83266147093075,1.0,1.0,0.0,0.0,1.0,1.0,0.0,0.0,0.0,0.0,0.0,0.0,130.0,70.0,0.0,0.0,0.0,0.0,0.0,0.0,0.0,0.0,1.0,0.0,0.0,0.0,0.0,0.0,0.0,0.0,0.0,N,125.0,0.9,190.0,145.0,45.0,12.0,2.0,15.2,5.0,141.0,6900.0,41.0,50.0,252.0,55.0,0.0,N,1.0,1.0,0.0,1.0
68.0,88.0,159.0,0.0,34.80874965389027,1.0,1.0,0.0,0.0,0.0,1.0,0.0,0.0,0.0,0.0,0.0,0.0,160.0,70.0,0.0,0.0,0.0,0.0,0.0,0.0,1.0,2.0,0.0,0.0,0.0,0.0,0.0,0.0,0.0,0.0,0.0,N,96.0,1.3,310.0,170.0,30.0,23.0,20.0,12.4,6.6,145.0,6100.0,33.0,56.0,261.0,50.0,1.0,mild,1.0,1.0,1.0,1.0
55.0,85.0,170.0,1.0,29.411764705882355,0.0,0.0,1.0,0.0,0.0,1.0,0.0,0.0,0.0,0.0,0.0,0.0,110.0,90.0,0.0,0.0,0.0,1.0,0.0,0.0,1.0,0.0,0.0,1.0,0.0,0.0,0.0,0.0,0.0,0.0,0.0,N,90.0,0.9,77.0,110.0,36.0,15.0,20.0,13.7,4.4,142.0,5800.0,39.0,54.0,180.0,50.0,0.0,Severe,0.0,0.0,0.0,0.0
53.0,73.0,153.0,0.0,31.184587124610193,0.0,1.0,0.0,0.0,0.0,1.0,0.0,0.0,0.0,0.0,0.0,0.0,130.0,80.0,0.0,0.0,0.0,0.0,0.0,1.0,0.0,2.0,0.0,0.0,0.0,0.0,0.0,1.0,1.0,0.0,0.0,N,104.0,0.6,250.0,85.0,35.0,13.0,13.0,12.8,4.3,144.0,5300.0,31.0,59.0,339.0,55.0,0.0,mild,1.0,0.0,1.0,0.0
53.0,76.0,157.0,0.0,30.832893829364274,1.0,1.0,0.0,0.0,0.0,1.0,0.0,0.0,0.0,0.0,0.0,0.0,130.0,80.0,0.0,0.0,0.0,0.0,0.0,1.0,1.0,2.0,0.0,0.0,0.0,0.0,0.0,1.0,1.0,0.0,0.0,N,89.0,0.9,103.0,100.0,55.0,18.0,21.0,12.1,4.4,145.0,6000.0,30.0,60.0,199.0,46.0,3.0,N,1.0,1.0,0.0,0.0
30.0,70.0,168.0,1.0,24.801587301587304,0.0,1.0,0.0,0.0,0.0,0.0,0.0,0.0,0.0,0.0,0.0,0.0,140.0,70.0,0.0,0.0,0.0,0.0,0.0,1.0,0.0,0.0,0.0,0.0,0.0,0.0,0.0,0.0,0.0,0.0,0.0,N,92.0,1.0,290.0,140.0,30.0,17.0,2.0,13.8,4.0,144.0,7700.0,36.0,50.0,350.0,55.0,0.0,mild,0.0,0.0,0.0,0.0
47.0,50.0,162.0,0.0,19.05197378448407,1.0,1.0,0.0,0.0,0.0,0.0,0.0,0.0,0.0,0.0,0.0,1.0,120.0,70.0,0.0,0.0,0.0,0.0,0.0,0.0,1.0,2.0,0.0,1.0,0.0,0.0,0.0,0.0,0.0,0.0,0.0,N,90.0,0.7,90.0,110.0,44.0,9.0,12.0,13.1,4.2,149.0,5800.0,40.0,50.0,218.0,50.0,0.0,N,0.0,0.0,0.0,0.0
80.0,57.0,154.0,0.0,24.034407151290267,0.0,0.0,0.0,0.0,0.0,0.0,0.0,0.0,0.0,0.0,0.0,0.0,130.0,70.0,0.0,0.0,0.0,1.0,0.0,1.0,0.0,2.0,0.0,0.0,0.0,0.0,0.0,1.0,1.0,0.0,0.0,RBBB,105.0,0.7,238.0,156.0,39.0,13.0,7.0,14.6,4.5,141.0,7400.0,40.0,53.0,174.0,55.0,0.0,Moderate,1.0,1.0,1.0,1.0
52.0,70.0,162.0,0.0,26.672763298277697,1.0,1.0,0.0,0.0,0.0,1.0,0.0,0.0,0.0,0.0,0.0,1.0,130.0,70.0,0.0,0.0,0.0,0.0,0.0,0.0,1.0,2.0,1.0,0.0,0.0,0.0,0.0,0.0,0.0,0.0,0.0,N,110.0,0.9,110.0,89.0,43.0,9.0,12.0,13.2,4.4,143.0,4900.0,55.0,32.0,218.0,55.0,0.0,N,0.0,0.0,0.0,0.0
62.0,58.0,175.0,1.0,18.93877551020408,0.0,1.0,0.0,0.0,0.0,0.0,0.0,0.0,0.0,0.0,0.0,0.0,140.0,70.0,0.0,0.0,0.0,0.0,0.0,1.0,1.0,2.0,0.0,0.0,0.0,0.0,0.0,0.0,0.0,0.0,0.0,N,109.0,1.4,76.0,112.0,40.0,16.0,50.0,13.0,4.0,140.0,9200.0,27.0,65.0,178.0,35.0,0.0,mild,1.0,1.0,1.0,1.0
55.0,77.0,164.0,1.0,28.628792385484836,0.0,1.0,0.0,0.0,0.0,1.0,0.0,0.0,0.0,0.0,0.0,0.0,140.0,80.0,0.0,0.0,0.0,1.0,0.0,1.0,1.0,2.0,0.0,0.0,0.0,0.0,0.0,0.0,0.0,1.0,0.0,N,115.0,1.0,65.0,121.0,39.0,21.0,21.0,13.9,4.5,140.0,7500.0,32.0,51.0,301.0,50.0,0.0,Moderate,1.0,1.0,0.0,0.0
60.0,82.0,168.0,1.0,29.053287981859416,0.0,1.0,1.0,0.0,0.0,1.0,0.0,0.0,1.0,0.0,0.0,0.0,180.0,70.0,0.0,0.0,0.0,1.0,0.0,1.0,1.0,3.0,0.0,0.0,0.0,0.0,0.0,0.0,0.0,1.0,0.0,N,104.0,1.0,72.0,80.0,55.0,22.0,9.0,15.8,4.5,138.0,7900.0,29.0,60.0,213.0,55.0,0.0,Severe,1.0,0.0,0.0,1.0
60.0,63.0,157.0,0.0,25.558846200657225,1.0,1.0,0.0,0.0,0.0,1.0,0.0,0.0,0.0,0.0,0.0,1.0,150.0,80.0,0.0,0.0,0.0,0.0,0.0,1.0,0.0,3.0,0.0,0.0,0.0,1.0,1.0,0.0,0.0,0.0,0.0,N,191.0,0.8,200.0,124.0,46.0,39.0,33.0,12.2,3.8,144.0,5100.0,29.0,67.0,184.0,40.0,3.0,mild,1.0,1.0,1.0,1.0
49.0,70.0,166.0,0.0,25.402816083611555,0.0,1.0,0.0,0.0,0.0,1.0,0.0,0.0,0.0,0.0,0.0,1.0,120.0,70.0,0.0,0.0,0.0,0.0,0.0,1.0,0.0,2.0,0.0,0.0,0.0,0.0,0.0,0.0,0.0,0.0,0.0,N,103.0,1.5,70.0,75.0,66.0,14.0,8.0,11.5,3.8,142.0,4200.0,41.0,50.0,212.0,60.0,0.0,mild,1.0,1.0,0.0,0.0
70.0,78.0,150.0,0.0,34.666666666666664,1.0,1.0,0.0,0.0,0.0,1.0,1.0,0.0,0.0,0.0,0.0,1.0,180.0,80.0,0.0,0.0,0.0,0.0,0.0,1.0,1.0,2.0,0.0,0.0,0.0,0.0,0.0,0.0,0.0,0.0,0.0,N,146.0,0.8,250.0,142.0,35.0,12.0,36.0,12.6,3.9,142.0,7000.0,44.0,50.0,290.0,45.0,0.0,mild,1.0,1.0,0.0,0.0
70.0,60.0,144.0,0.0,28.935185185185187,0.0,1.0,0.0,0.0,0.0,1.0,0.0,0.0,0.0,0.0,0.0,0.0,190.0,90.0,0.0,0.0,0.0,0.0,0.0,0.0,0.0,0.0,1.0,0.0,0.0,0.0,0.0,0.0,0.0,0.0,0.0,N,130.0,0.7,210.0,168.0,43.0,12.0,12.0,12.7,5.3,142.0,5400.0,40.0,55.0,170.0,45.0,0.0,mild,1.0,0.0,1.0,0.0
66.0,69.0,178.0,1.0,21.777553339224845,0.0,0.0,1.0,0.0,0.0,0.0,0.0,0.0,0.0,0.0,0.0,0.0,120.0,80.0,0.0,0.0,0.0,0.0,0.0,1.0,1.0,2.0,0.0,0.0,0.0,0.0,0.0,0.0,0.0,0.0,0.0,RBBB,72.0,0.7,50.0,55.0,35.0,13.0,3.0,13.3,4.2,142.0,5200.0,29.0,56.0,188.0,40.0,2.0,mild,1.0,1.0,1.0,0.0
52.0,76.0,171.0,1.0,25.990903183885642,0.0,1.0,0.0,0.0,0.0,1.0,0.0,0.0,0.0,0.0,0.0,1.0,140.0,70.0,0.0,0.0,0.0,0.0,0.0,0.0,1.0,2.0,1.0,0.0,0.0,0.0,0.0,0.0,0.0,0.0,0.0,N,106.0,0.8,102.0,96.0,36.0,8.0,9.0,15.0,3.8,144.0,7000.0,23.0,67.0,224.0,55.0,0.0,N,0.0,0.0,0.0,0.0
65.0,81.0,181.0,1.0,24.724520008546747,1.0,1.0,0.0,0.0,0.0,0.0,0.0,0.0,0.0,0.0,0.0,1.0,110.0,70.0,0.0,0.0,0.0,0.0,0.0,1.0,0.0,0.0,0.0,0.0,0.0,0.0,0.0,1.0,0.0,0.0,0.0,N,196.0,0.8,89.0,82.0,45.0,9.0,11.0,12.3,3.5,139.0,7900.0,15.0,78.0,171.0,40.0,3.0,Moderate,1.0,1.0,1.0,1.0
55.0,76.0,170.0,1.0,26.29757785467128,0.0,0.0,1.0,0.0,1.0,1.0,0.0,0.0,0.0,0.0,0.0,0.0,90.0,100.0,0.0,0.0,1.0,1.0,0.0,1.0,0.0,0.0,0.0,0.0,0.0,0.0,1.0,0.0,1.0,0.0,0.0,N,175.0,0.8,167.0,91.0,24.0,21.0,14.0,14.2,5.6,131.0,5500.0,22.0,65.0,232.0,25.0,3.0,mild,1.0,1.0,0.0,0.0
86.0,64.0,162.0,1.0,24.38652644413961,1.0,1.0,0.0,0.0,0.0,0.0,0.0,0.0,0.0,0.0,0.0,1.0,160.0,68.0,0.0,0.0,1.0,0.0,0.0,0.0,1.0,0.0,1.0,0.0,0.0,0.0,0.0,0.0,0.0,0.0,0.0,N,270.0,1.5,62.0,157.0,51.0,43.0,15.0,15.6,5.0,142.0,14500.0,44.0,50.0,297.0,50.0,0.0,mild,1.0,1.0,1.0,0.0
57.0,75.0,149.0,0.0,33.782262060267556,0.0,1.0,0.0,0.0,0.0,1.0,0.0,1.0,0.0,0.0,0.0,0.0,130.0,110.0,0.0,0.0,1.0,1.0,0.0,0.0,1.0,2.0,0.0,0.0,0.0,0.0,0.0,0.0,0.0,0.0,0.0,N,145.0,0.9,76.0,96.0,39.0,21.0,13.0,15.1,4.9,143.0,7100.0,37.0,52.0,172.0,20.0,2.0,Moderate,1.0,1.0,0.0,0.0
52.0,98.0,160.0,0.0,38.28124999999999,1.0,1.0,0.0,0.0,1.0,1.0,0.0,0.0,0.0,0.0,0.0,1.0,105.0,75.0,0.0,0.0,0.0,0.0,0.0,1.0,0.0,3.0,0.0,0.0,0.0,0.0,0.0,1.0,1.0,0.0,0.0,N,130.0,1.2,260.0,100.0,47.0,19.0,10.0,14.5,4.4,138.0,9400.0,30.0,65.0,208.0,45.0,0.0,N,1.0,0.0,0.0,1.0
59.0,65.0,168.0,0.0,23.030045351473927,0.0,0.0,0.0,0.0,1.0,0.0,0.0,0.0,0.0,0.0,0.0,1.0,125.0,75.0,0.0,0.0,0.0,0.0,0.0,1.0,1.0,0.0,0.0,0.0,0.0,0.0,0.0,0.0,0.0,0.0,0.0,N,99.0,0.7,98.0,122.0,45.0,13.0,15.0,13.6,4.7,145.0,7100.0,44.0,47.0,265.0,55.0,0.0,N,1.0,0.0,1.0,0.0
75.0,93.0,170.0,1.0,32.17993079584775,1.0,1.0,0.0,0.0,0.0,1.0,0.0,0.0,0.0,0.0,0.0,1.0,130.0,80.0,0.0,0.0,0.0,0.0,0.0,1.0,1.0,3.0,0.0,0.0,0.0,0.0,0.0,0.0,0.0,0.0,0.0,N,124.0,1.2,95.0,114.0,36.0,18.0,8.0,17.2,4.7,139.0,7600.0,41.0,53.0,194.0,50.0,0.0,mild,1.0,1.0,1.0,1.0
81.0,76.0,165.0,1.0,27.915518824609737,0.0,1.0,0.0,0.0,0.0,1.0,0.0,0.0,0.0,0.0,0.0,1.0,180.0,80.0,0.0,0.0,0.0,0.0,0.0,1.0,0.0,0.0,0.0,0.0,0.0,0.0,0.0,1.0,1.0,0.0,0.0,N,91.0,1.2,98.0,114.0,36.0,17.0,21.0,8.9,4.2,143.0,6300.0,30.0,60.0,216.0,60.0,0.0,N,1.0,1.0,1.0,1.0
71.0,70.0,147.0,0.0,32.39390994493036,0.0,1.0,1.0,0.0,1.0,1.0,0.0,0.0,0.0,0.0,0.0,1.0,120.0,65.0,0.0,0.0,0.0,0.0,0.0,1.0,0.0,0.0,0.0,0.0,0.0,0.0,0.0,1.0,1.0,0.0,0.0,N,96.0,1.0,149.0,111.0,50.0,15.0,11.0,11.5,4.8,142.0,5000.0,10.0,82.0,145.0,40.0,0.0,mild,1.0,0.0,1.0,0.0
63.0,68.0,171.0,1.0,23.25501863821347,1.0,1.0,0.0,0.0,0.0,0.0,1.0,0.0,0.0,0.0,0.0,0.0,160.0,70.0,0.0,0.0,0.0,0.0,0.0,1.0,1.0,0.0,0.0,0.0,0.0,1.0,1.0,0.0,0.0,0.0,0.0,N,187.0,1.2,83.0,75.0,37.0,12.0,49.0,12.4,3.6,136.0,4100.0,25.0,65.0,230.0,35.0,0.0,mild,1.0,1.0,1.0,1.0
56.0,82.0,175.0,1.0,26.775510204081634,0.0,0.0,1.0,0.0,0.0,1.0,0.0,0.0,0.0,0.0,0.0,0.0,120.0,78.0,0.0,0.0,0.0,0.0,0.0,1.0,0.0,0.0,0.0,0.0,0.0,0.0,0.0,0.0,0.0,0.0,0.0,N,112.0,0.9,84.0,111.0,44.0,9.0,11.0,15.7,4.4,143.0,8900.0,30.0,61.0,186.0,55.0,0.0,N,1.0,0.0,1.0,1.0
65.0,53.0,153.0,0.0,22.64086462471699,0.0,0.0,0.0,0.0,0.0,0.0,0.0,0.0,0.0,0.0,0.0,1.0,130.0,95.0,0.0,0.0,0.0,0.0,0.0,0.0,0.0,0.0,1.0,0.0,0.0,0.0,0.0,1.0,0.0,0.0,0.0,N,89.0,0.8,125.0,203.0,56.0,15.0,19.0,12.7,4.4,152.0,4500.0,37.0,56.0,173.0,55.0,0.0,mild,0.0,0.0,0.0,0.0
59.0,75.0,168.0,1.0,26.573129251700685,0.0,1.0,1.0,0.0,1.0,1.0,1.0,1.0,0.0,0.0,0.0,0.0,110.0,90.0,0.0,0.0,0.0,0.0,0.0,1.0,1.0,2.0,0.0,0.0,0.0,0.0,0.0,1.0,1.0,0.0,0.0,N,111.0,1.4,118.0,70.0,40.0,13.0,32.0,16.6,4.9,144.0,10000.0,16.0,78.0,212.0,40.0,0.0,N,1.0,1.0,1.0,1.0
65.0,73.0,165.0,1.0,26.813590449954088,0.0,1.0,1.0,0.0,0.0,1.0,0.0,0.0,0.0,0.0,0.0,0.0,130.0,65.0,0.0,0.0,0.0,0.0,0.0,1.0,1.0,2.0,0.0,0.0,0.0,0.0,0.0,0.0,0.0,0.0,0.0,N,87.0,0.8,125.0,232.0,61.0,12.0,10.0,15.0,4.5,145.0,7200.0,26.0,62.0,191.0,45.0,0.0,N,0.0,1.0,0.0,0.0
50.0,88.0,178.0,1.0,27.77427092538821,0.0,0.0,0.0,0.0,0.0,1.0,0.0,0.0,0.0,0.0,0.0,0.0,110.0,90.0,0.0,0.0,0.0,0.0,0.0,1.0,0.0,0.0,0.0,0.0,0.0,1.0,0.0,1.0,1.0,0.0,0.0,N,104.0,1.1,94.0,170.0,35.0,13.0,40.0,13.1,3.9,138.0,6100.0,17.0,71.0,332.0,40.0,3.0,mild,1.0,1.0,0.0,0.0
48.0,64.0,171.0,1.0,21.887076365377382,0.0,0.0,1.0,0.0,0.0,0.0,0.0,0.0,0.0,0.0,0.0,0.0,120.0,70.0,0.0,0.0,0.0,0.0,0.0,1.0,0.0,0.0,0.0,0.0,0.0,0.0,0.0,0.0,1.0,0.0,0.0,N,114.0,0.9,94.0,112.0,39.0,12.0,12.0,14.8,4.3,139.0,10000.0,25.0,70.0,190.0,45.0,2.0,mild,1.0,1.0,1.0,0.0
66.0,70.0,168.0,1.0,24.801587301587304,0.0,0.0,0.0,0.0,0.0,0.0,0.0,0.0,0.0,0.0,0.0,0.0,110.0,74.0,0.0,0.0,0.0,0.0,0.0,1.0,1.0,2.0,0.0,0.0,0.0,0.0,0.0,0.0,0.0,0.0,0.0,N,92.0,0.9,210.0,144.0,39.0,15.0,11.0,13.2,4.1,141.0,9900.0,26.0,65.0,173.0,50.0,1.0,N,1.0,1.0,1.0,1.0
77.0,65.0,172.0,1.0,21.971335857220122,0.0,1.0,0.0,0.0,0.0,0.0,0.0,0.0,1.0,0.0,0.0,0.0,125.0,72.0,0.0,0.0,0.0,0.0,0.0,0.0,1.0,2.0,1.0,0.0,0.0,0.0,0.0,0.0,1.0,0.0,0.0,N,98.0,0.8,115.0,112.0,43.0,12.0,16.0,15.5,4.0,139.0,8500.0,17.0,73.0,189.0,40.0,2.0,mild,1.0,1.0,1.0,0.0
65.0,70.0,168.0,1.0,24.801587301587304,0.0,0.0,0.0,0.0,0.0,0.0,0.0,0.0,0.0,0.0,0.0,0.0,130.0,75.0,0.0,0.0,0.0,0.0,0.0,1.0,0.0,0.0,0.0,0.0,0.0,0.0,0.0,1.0,0.0,0.0,0.0,N,102.0,0.9,98.0,114.0,44.0,15.0,12.0,14.9,4.3,144.0,5100.0,32.0,65.0,215.0,50.0,2.0,N,1.0,1.0,1.0,0.0
61.0,56.0,158.0,1.0,22.432302515622492,0.0,0.0,0.0,0.0,0.0,0.0,0.0,0.0,0.0,0.0,0.0,0.0,100.0,50.0,0.0,0.0,0.0,1.0,0.0,1.0,1.0,0.0,0.0,0.0,0.0,0.0,0.0,0.0,1.0,0.0,0.0,N,79.0,0.8,74.0,39.0,28.0,16.0,5.0,14.2,3.9,139.0,4200.0,30.0,56.0,214.0,30.0,0.0,mild,1.0,1.0,0.0,0.0
76.0,73.0,177.0,1.0,23.301094832264035,1.0,1.0,1.0,0.0,1.0,0.0,1.0,0.0,0.0,0.0,0.0,0.0,130.0,75.0,0.0,0.0,0.0,0.0,1.0,0.0,1.0,0.0,0.0,0.0,0.0,0.0,0.0,1.0,1.0,0.0,0.0,N,136.0,2.2,92.0,40.0,24.0,52.0,66.0,9.4,4.4,132.0,7300.0,17.0,62.0,330.0,40.0,0.0,N,1.0,1.0,0.0,0.0
75.0,67.0,170.0,1.0,23.18339100346021,0.0,1.0,1.0,0.0,1.0,0.0,0.0,0.0,0.0,0.0,0.0,0.0,160.0,70.0,0.0,0.0,0.0,0.0,0.0,1.0,0.0,0.0,0.0,0.0,0.0,0.0,0.0,0.0,0.0,0.0,0.0,N,92.0,1.3,100.0,168.0,39.0,22.0,30.0,13.9,3.9,142.0,6000.0,34.0,65.0,211.0,45.0,0.0,N,1.0,1.0,1.0,1.0
56.0,88.0,172.0,1.0,29.745808545159548,0.0,0.0,1.0,0.0,0.0,1.0,0.0,0.0,0.0,0.0,0.0,1.0,105.0,70.0,0.0,0.0,0.0,0.0,0.0,0.0,0.0,0.0,1.0,0.0,0.0,0.0,0.0,0.0,0.0,0.0,0.0,N,113.0,1.2,69.0,88.0,26.0,13.0,6.0,14.0,4.3,144.0,7100.0,45.0,50.0,179.0,55.0,0.0,N,0.0,0.0,0.0,0.0
60.0,62.0,152.0,0.0,26.83518005540166,0.0,1.0,0.0,0.0,0.0,1.0,0.0,0.0,0.0,0.0,0.0,1.0,110.0,80.0,0.0,0.0,0.0,0.0,0.0,1.0,0.0,0.0,0.0,0.0,0.0,0.0,1.0,0.0,1.0,0.0,0.0,N,97.0,0.9,171.0,168.0,46.0,14.0,30.0,12.5,4.8,143.0,9900.0,35.0,55.0,281.0,40.0,2.0,Severe,1.0,1.0,1.0,1.0
48.0,90.0,178.0,1.0,28.40550435551067,0.0,1.0,0.0,0.0,1.0,1.0,0.0,0.0,0.0,1.0,0.0,1.0,140.0,70.0,0.0,0.0,0.0,0.0,0.0,1.0,1.0,0.0,0.0,0.0,0.0,0.0,0.0,0.0,1.0,0.0,0.0,N,88.0,1.5,105.0,69.0,44.0,18.0,6.0,14.6,4.2,141.0,8800.0,27.0,65.0,244.0,60.0,0.0,N,1.0,0.0,1.0,0.0
49.0,90.0,160.0,0.0,35.15624999999999,1.0,1.0,0.0,0.0,0.0,1.0,0.0,0.0,0.0,0.0,0.0,0.0,100.0,70.0,0.0,0.0,0.0,0.0,0.0,0.0,1.0,2.0,0.0,0.0,0.0,1.0,1.0,0.0,0.0,0.0,0.0,N,167.0,1.1,173.0,93.0,29.0,26.0,80.0,11.5,4.0,138.0,11400.0,30.0,61.0,300.0,40.0,2.0,mild,1.0,1.0,0.0,0.0
69.0,57.0,152.0,0.0,24.67105263157895,0.0,1.0,0.0,0.0,0.0,0.0,0.0,0.0,0.0,0.0,0.0,1.0,140.0,80.0,0.0,0.0,0.0,1.0,0.0,1.0,1.0,0.0,0.0,0.0,0.0,0.0,0.0,0.0,0.0,1.0,0.0,N,100.0,1.3,117.0,97.0,40.0,24.0,51.0,11.8,3.7,139.0,6500.0,40.0,50.0,200.0,55.0,0.0,N,1.0,1.0,0.0,0.0
75.0,66.0,156.0,1.0,27.12031558185404,0.0,1.0,0.0,0.0,0.0,1.0,0.0,0.0,1.0,0.0,0.0,0.0,130.0,70.0,1.0,0.0,1.0,1.0,0.0,0.0,1.0,0.0,1.0,0.0,0.0,0.0,0.0,0.0,0.0,0.0,0.0,N,90.0,1.3,190.0,180.0,29.0,21.0,16.0,11.8,3.1,138.0,9200.0,18.0,75.0,214.0,50.0,0.0,Severe,1.0,1.0,1.0,1.0
60.0,64.0,168.0,1.0,22.67573696145125,0.0,0.0,0.0,0.0,0.0,0.0,0.0,0.0,1.0,0.0,0.0,0.0,130.0,70.0,0.0,0.0,0.0,0.0,0.0,0.0,1.0,0.0,1.0,0.0,0.0,0.0,0.0,0.0,0.0,0.0,0.0,N,84.0,1.0,90.0,89.0,55.0,17.0,12.0,10.8,4.0,139.0,4100.0,42.0,45.0,156.0,55.0,0.0,N,0.0,0.0,0.0,0.0
64.0,80.0,153.0,0.0,34.17488999957281,1.0,1.0,1.0,0.0,0.0,1.0,0.0,0.0,1.0,0.0,0.0,1.0,160.0,70.0,0.0,0.0,0.0,0.0,0.0,1.0,0.0,0.0,0.0,0.0,0.0,0.0,0.0,0.0,0.0,0.0,0.0,N,184.0,0.7,170.0,100.0,39.0,17.0,18.0,11.9,4.3,134.0,4700.0,44.0,49.0,174.0,50.0,0.0,N,1.0,0.0,1.0,1.0
48.0,79.0,166.0,1.0,28.668892437218755,0.0,0.0,1.0,0.0,0.0,1.0,0.0,0.0,0.0,0.0,0.0,0.0,100.0,68.0,0.0,0.0,0.0,0.0,0.0,0.0,0.0,0.0,1.0,0.0,0.0,0.0,0.0,0.0,1.0,0.0,0.0,N,83.0,1.0,204.0,137.0,52.0,18.0,15.0,14.2,4.9,145.0,5300.0,41.0,50.0,170.0,50.0,0.0,N,1.0,0.0,1.0,0.0
81.0,74.0,165.0,0.0,27.180899908172638,0.0,1.0,0.0,0.0,0.0,1.0,0.0,0.0,0.0,0.0,0.0,1.0,140.0,70.0,0.0,1.0,0.0,1.0,0.0,1.0,1.0,0.0,0.0,0.0,0.0,0.0,0.0,0.0,0.0,1.0,0.0,N,94.0,1.2,122.0,90.0,43.0,18.0,23.0,11.9,4.5,142.0,6000.0,37.0,50.0,280.0,45.0,0.0,N,1.0,1.0,1.0,0.0
65.0,76.0,173.0,1.0,25.393431120318084,1.0,1.0,0.0,0.0,0.0,1.0,0.0,0.0,0.0,0.0,0.0,1.0,130.0,70.0,0.0,0.0,0.0,0.0,0.0,1.0,0.0,0.0,0.0,0.0,0.0,0.0,0.0,0.0,0.0,0.0,0.0,N,111.0,1.1,145.0,112.0,46.0,13.0,10.0,11.9,3.4,142.0,5200.0,32.0,62.0,158.0,55.0,0.0,mild,1.0,0.0,1.0,1.0
51.0,80.0,170.0,0.0,27.68166089965398,0.0,1.0,0.0,0.0,0.0,1.0,0.0,0.0,0.0,0.0,0.0,0.0,120.0,70.0,0.0,0.0,0.0,0.0,0.0,0.0,0.0,0.0,1.0,0.0,0.0,0.0,0.0,0.0,0.0,0.0,0.0,N,87.0,0.9,75.0,114.0,38.0,6.0,17.0,14.1,3.7,143.0,5500.0,34.0,60.0,228.0,55.0,0.0,N,0.0,0.0,0.0,0.0
59.0,81.0,168.0,1.0,28.69897959183674,1.0,1.0,0.0,0.0,0.0,1.0,0.0,0.0,0.0,0.0,0.0,1.0,120.0,110.0,0.0,0.0,0.0,0.0,0.0,1.0,0.0,0.0,0.0,0.0,0.0,0.0,0.0,0.0,0.0,0.0,0.0,N,218.0,1.8,104.0,112.0,54.0,16.0,19.0,13.3,5.1,153.0,12100.0,15.0,81.0,170.0,15.0,4.0,Moderate,1.0,1.0,1.0,1.0
59.0,75.0,170.0,1.0,25.95155709342561,1.0,1.0,0.0,0.0,0.0,1.0,0.0,0.0,0.0,0.0,0.0,1.0,150.0,80.0,0.0,0.0,0.0,0.0,0.0,1.0,0.0,0.0,0.0,0.0,0.0,0.0,0.0,0.0,0.0,0.0,0.0,N,197.0,1.1,125.0,99.0,33.0,20.0,11.0,13.3,4.4,142.0,5800.0,45.0,48.0,183.0,55.0,0.0,N,1.0,0.0,1.0,1.0
55.0,50.0,165.0,1.0,18.36547291092746,0.0,1.0,1.0,0.0,0.0,0.0,0.0,0.0,1.0,0.0,0.0,0.0,150.0,90.0,0.0,0.0,0.0,1.0,0.0,1.0,1.0,0.0,0.0,0.0,0.0,0.0,0.0,0.0,1.0,0.0,0.0,N,89.0,0.8,110.0,152.0,54.0,15.0,4.0,11.0,4.7,144.0,5900.0,38.0,55.0,242.0,45.0,1.0,Moderate,1.0,1.0,0.0,0.0
66.0,92.0,177.0,1.0,29.365763350250564,0.0,1.0,1.0,0.0,0.0,1.0,0.0,0.0,1.0,0.0,0.0,0.0,140.0,70.0,0.0,0.0,0.0,0.0,0.0,1.0,0.0,0.0,0.0,0.0,0.0,0.0,0.0,0.0,1.0,0.0,0.0,N,120.0,1.1,115.0,110.0,30.0,17.0,15.0,14.6,3.9,148.0,4500.0,27.0,63.0,170.0,45.0,0.0,mild,1.0,1.0,1.0,0.0
49.0,80.0,160.0,0.0,31.249999999999993,1.0,1.0,0.0,0.0,0.0,1.0,0.0,0.0,0.0,0.0,0.0,1.0,140.0,90.0,0.0,0.0,0.0,0.0,0.0,1.0,1.0,2.0,0.0,0.0,0.0,0.0,0.0,0.0,1.0,0.0,0.0,N,320.0,0.7,259.0,43.0,33.0,13.0,22.0,11.5,4.3,139.0,7700.0,34.0,58.0,246.0,45.0,0.0,N,1.0,1.0,0.0,0.0
56.0,75.0,168.0,1.0,26.573129251700685,0.0,0.0,0.0,1.0,0.0,1.0,0.0,0.0,0.0,0.0,0.0,0.0,130.0,90.0,0.0,0.0,0.0,1.0,0.0,1.0,1.0,0.0,0.0,0.0,0.0,0.0,0.0,0.0,0.0,0.0,0.0,N,87.0,1.2,447.0,119.0,39.0,18.0,6.0,14.0,4.3,143.0,5900.0,40.0,50.0,200.0,40.0,0.0,Moderate,1.0,1.0,1.0,1.0
63.0,73.0,174.0,1.0,24.111507464658473,0.0,1.0,1.0,0.0,1.0,0.0,0.0,0.0,0.0,0.0,0.0,0.0,160.0,80.0,0.0,0.0,0.0,0.0,0.0,0.0,0.0,0.0,1.0,0.0,0.0,0.0,0.0,0.0,1.0,0.0,0.0,N,84.0,1.0,301.0,142.0,42.0,24.0,13.0,13.1,4.2,145.0,9500.0,27.0,60.0,194.0,50.0,2.0,mild,1.0,1.0,1.0,1.0
74.0,61.0,160.0,0.0,23.828124999999996,1.0,1.0,0.0,0.0,0.0,0.0,0.0,0.0,0.0,0.0,0.0,1.0,160.0,70.0,0.0,0.0,0.0,1.0,0.0,0.0,0.0,0.0,1.0,0.0,0.0,0.0,0.0,0.0,0.0,1.0,0.0,N,156.0,1.3,116.0,60.0,37.0,16.0,37.0,11.0,4.2,143.0,9100.0,16.0,82.0,226.0,55.0,0.0,mild,1.0,0.0,0.0,1.0
70.0,89.0,179.0,1.0,27.776910832995224,0.0,1.0,0.0,0.0,0.0,1.0,0.0,0.0,0.0,0.0,0.0,0.0,150.0,70.0,0.0,0.0,0.0,1.0,0.0,0.0,1.0,0.0,1.0,0.0,0.0,0.0,0.0,0.0,0.0,1.0,0.0,N,100.0,1.2,162.0,90.0,33.0,24.0,31.0,13.0,4.9,144.0,4900.0,39.0,47.0,173.0,50.0,2.0,mild,1.0,0.0,1.0,0.0
76.0,64.0,159.0,1.0,25.315454293738377,0.0,1.0,0.0,1.0,0.0,1.0,1.0,0.0,0.0,0.0,0.0,0.0,115.0,70.0,0.0,0.0,0.0,0.0,0.0,0.0,0.0,0.0,1.0,0.0,0.0,0.0,0.0,1.0,1.0,0.0,0.0,N,119.0,2.0,190.0,92.0,29.0,33.0,14.0,12.6,4.1,142.0,5100.0,39.0,55.0,226.0,55.0,0.0,mild,1.0,1.0,1.0,0.0
36.0,60.0,165.0,0.0,22.03856749311295,1.0,0.0,1.0,0.0,0.0,0.0,0.0,0.0,0.0,0.0,0.0,0.0,125.0,70.0,0.0,0.0,0.0,0.0,0.0,0.0,1.0,0.0,0.0,0.0,0.0,0.0,0.0,0.0,1.0,0.0,0.0,N,400.0,0.9,90.0,69.0,42.0,15.0,21.0,11.1,4.3,143.0,6000.0,30.0,63.0,172.0,45.0,2.0,N,1.0,1.0,0.0,0.0
52.0,55.0,169.0,1.0,19.257028815517668,0.0,1.0,1.0,0.0,0.0,0.0,0.0,0.0,0.0,0.0,0.0,0.0,120.0,80.0,0.0,0.0,0.0,0.0,0.0,1.0,0.0,0.0,0.0,0.0,0.0,0.0,0.0,0.0,0.0,0.0,0.0,N,71.0,0.8,163.0,90.0,41.0,10.0,7.0,14.7,3.7,142.0,7100.0,33.0,60.0,211.0,55.0,1.0,N,1.0,1.0,1.0,1.0
72.0,54.0,148.0,1.0,24.653031409788166,0.0,0.0,0.0,0.0,0.0,0.0,0.0,0.0,0.0,0.0,0.0,0.0,120.0,70.0,0.0,0.0,1.0,0.0,0.0,1.0,0.0,0.0,0.0,0.0,0.0,1.0,1.0,0.0,0.0,0.0,0.0,N,95.0,0.9,67.0,83.0,46.0,20.0,39.0,15.0,4.6,146.0,8600.0,33.0,66.0,247.0,35.0,0.0,mild,1.0,1.0,0.0,1.0
79.0,63.0,160.0,1.0,24.609374999999996,0.0,0.0,0.0,0.0,0.0,0.0,0.0,0.0,0.0,0.0,0.0,0.0,130.0,60.0,0.0,0.0,0.0,0.0,0.0,1.0,0.0,0.0,0.0,0.0,0.0,0.0,0.0,0.0,1.0,0.0,0.0,N,75.0,1.1,145.0,107.0,44.0,14.0,16.0,14.8,4.8,145.0,7200.0,36.0,52.0,240.0,40.0,1.0,mild,1.0,1.0,0.0,0.0
62.0,97.0,167.0,1.0,34.78073792534691,0.0,1.0,1.0,0.0,0.0,1.0,0.0,0.0,0.0,0.0,0.0,0.0,180.0,80.0,0.0,0.0,0.0,0.0,0.0,0.0,0.0,0.0,1.0,0.0,0.0,0.0,0.0,0.0,0.0,0.0,0.0,LBBB,84.0,1.2,77.0,56.0,37.0,20.0,4.0,11.6,3.9,138.0,7300.0,25.0,70.0,195.0,35.0,2.0,N,1.0,1.0,0.0,1.0
55.0,60.0,165.0,1.0,22.03856749311295,0.0,0.0,0.0,0.0,0.0,0.0,0.0,0.0,0.0,0.0,0.0,1.0,120.0,68.0,0.0,0.0,0.0,1.0,1.0,0.0,1.0,2.0,0.0,0.0,0.0,0.0,0.0,0.0,0.0,0.0,0.0,N,77.0,1.1,90.0,66.0,45.0,17.0,9.0,13.6,3.9,140.0,9000.0,23.0,74.0,207.0,35.0,0.0,Severe,0.0,0.0,0.0,0.0
45.0,75.0,176.0,1.0,24.212293388429753,0.0,0.0,1.0,0.0,0.0,0.0,0.0,0.0,0.0,0.0,0.0,1.0,130.0,70.0,0.0,0.0,0.0,0.0,0.0,0.0,0.0,0.0,1.0,0.0,0.0,0.0,0.0,0.0,1.0,0.0,0.0,N,77.0,0.9,159.0,80.0,42.0,14.0,3.0,16.1,3.8,143.0,6800.0,43.0,46.0,223.0,40.0,0.0,mild,0.0,0.0,0.0,0.0
55.0,84.0,187.0,1.0,24.021275987303035,1.0,0.0,0.0,0.0,0.0,0.0,0.0,0.0,0.0,0.0,0.0,0.0,130.0,80.0,0.0,0.0,0.0,0.0,0.0,1.0,0.0,0.0,0.0,0.0,0.0,0.0,0.0,0.0,0.0,0.0,0.0,RBBB,174.0,0.8,128.0,72.0,37.0,16.0,37.0,13.1,4.0,136.0,7100.0,34.0,60.0,190.0,40.0,2.0,mild,1.0,1.0,0.0,0.0
49.0,78.0,170.0,1.0,26.989619377162633,0.0,0.0,1.0,0.0,0.0,1.0,0.0,0.0,0.0,0.0,0.0,0.0,130.0,74.0,0.0,0.0,0.0,0.0,0.0,1.0,0.0,0.0,0.0,0.0,0.0,0.0,1.0,0.0,1.0,0.0,0.0,N,96.0,0.9,142.0,130.0,60.0,14.0,20.0,14.3,4.7,136.0,11300.0,22.0,68.0,172.0,50.0,2.0,mild,1.0,1.0,0.0,1.0
48.0,90.0,170.0,1.0,31.14186851211073,0.0,0.0,1.0,0.0,0.0,1.0,0.0,0.0,0.0,0.0,0.0,0.0,120.0,70.0,0.0,0.0,0.0,0.0,0.0,1.0,0.0,0.0,0.0,0.0,0.0,0.0,0.0,0.0,0.0,0.0,0.0,N,80.0,0.8,80.0,75.0,40.0,12.0,2.0,15.3,4.6,137.0,10000.0,30.0,67.0,177.0,55.0,0.0,N,0.0,0.0,0.0,0.0
50.0,73.0,160.0,0.0,28.515624999999993,1.0,1.0,0.0,0.0,1.0,1.0,0.0,0.0,0.0,0.0,0.0,1.0,120.0,80.0,0.0,0.0,0.0,0.0,0.0,1.0,0.0,0.0,0.0,0.0,0.0,0.0,0.0,0.0,0.0,0.0,0.0,N,127.0,0.6,300.0,213.0,54.0,10.0,9.0,12.6,3.7,139.0,7500.0,33.0,61.0,200.0,55.0,0.0,N,1.0,1.0,0.0,0.0
60.0,83.0,165.0,1.0,30.48668503213958,0.0,0.0,0.0,0.0,1.0,1.0,0.0,0.0,0.0,0.0,0.0,1.0,130.0,70.0,0.0,0.0,0.0,1.0,0.0,1.0,0.0,0.0,0.0,0.0,0.0,0.0,0.0,1.0,0.0,0.0,0.0,N,91.0,1.0,371.0,60.0,48.0,12.0,8.0,14.7,4.4,140.0,7700.0,32.0,55.0,194.0,55.0,0.0,N,1.0,1.0,0.0,1.0
50.0,61.0,158.0,0.0,24.435186668803073,0.0,1.0,0.0,0.0,0.0,0.0,0.0,0.0,0.0,1.0,0.0,0.0,120.0,70.0,0.0,0.0,0.0,0.0,0.0,0.0,0.0,0.0,1.0,0.0,0.0,0.0,0.0,0.0,0.0,0.0,0.0,N,94.0,1.1,130.0,70.0,40.0,22.0,19.0,12.3,4.1,142.0,6300.0,23.0,67.0,213.0,50.0,0.0,mild,0.0,0.0,0.0,0.0
43.0,85.0,188.0,1.0,24.049343594386603,1.0,0.0,0.0,0.0,0.0,0.0,0.0,0.0,0.0,0.0,0.0,0.0,130.0,70.0,0.0,0.0,0.0,0.0,0.0,0.0,0.0,0.0,1.0,0.0,0.0,0.0,0.0,0.0,0.0,0.0,0.0,N,168.0,1.1,124.0,106.0,53.0,12.0,4.0,14.9,4.2,147.0,6900.0,31.0,54.0,234.0,55.0,0.0,N,0.0,0.0,0.0,0.0
51.0,66.0,176.0,1.0,21.306818181818183,1.0,1.0,0.0,0.0,0.0,0.0,0.0,0.0,0.0,0.0,0.0,1.0,150.0,84.0,0.0,0.0,0.0,0.0,0.0,1.0,0.0,0.0,0.0,0.0,0.0,0.0,0.0,0.0,0.0,0.0,1.0,N,200.0,1.0,96.0,87.0,36.0,14.0,8.0,13.5,4.5,144.0,10000.0,8.0,86.0,145.0,45.0,0.0,mild,1.0,1.0,1.0,1.0
80.0,60.0,174.0,1.0,19.817677368212443,1.0,1.0,0.0,0.0,0.0,0.0,0.0,0.0,0.0,0.0,0.0,1.0,140.0,80.0,0.0,0.0,0.0,0.0,0.0,1.0,1.0,0.0,0.0,0.0,0.0,0.0,0.0,0.0,0.0,0.0,0.0,N,139.0,1.0,79.0,60.0,49.0,19.0,17.0,9.9,5.1,136.0,11300.0,12.0,76.0,170.0,40.0,0.0,mild,1.0,1.0,1.0,1.0
47.0,75.0,165.0,0.0,27.548209366391188,0.0,0.0,0.0,0.0,0.0,1.0,0.0,0.0,1.0,0.0,0.0,0.0,120.0,90.0,0.0,0.0,0.0,0.0,0.0,1.0,0.0,0.0,0.0,0.0,0.0,0.0,0.0,0.0,0.0,0.0,0.0,N,84.0,1.1,97.0,83.0,24.0,13.0,15.0,12.8,3.8,137.0,9000.0,23.0,67.0,201.0,45.0,3.0,mild,1.0,1.0,0.0,0.0
46.0,70.0,150.0,0.0,31.11111111111111,1.0,1.0,0.0,0.0,0.0,1.0,0.0,0.0,0.0,0.0,0.0,1.0,140.0,90.0,0.0,0.0,0.0,0.0,0.0,1.0,0.0,0.0,0.0,0.0,0.0,0.0,0.0,0.0,0.0,0.0,0.0,N,144.0,0.9,381.0,72.0,49.0,24.0,27.0,12.9,4.9,137.0,6600.0,31.0,49.0,200.0,50.0,2.0,N,1.0,1.0,0.0,0.0
53.0,63.0,155.0,0.0,26.22268470343392,0.0,1.0,0.0,0.0,0.0,1.0,0.0,0.0,0.0,0.0,0.0,1.0,120.0,70.0,0.0,0.0,0.0,0.0,0.0,0.0,1.0,0.0,0.0,1.0,0.0,0.0,0.0,1.0,1.0,0.0,0.0,N,79.0,0.6,85.0,110.0,40.0,11.0,23.0,11.0,4.0,140.0,4200.0,23.0,67.0,182.0,50.0,0.0,N,1.0,1.0,1.0,0.0
52.0,64.0,150.0,0.0,28.444444444444443,0.0,0.0,0.0,0.0,0.0,1.0,0.0,0.0,0.0,0.0,0.0,1.0,90.0,70.0,0.0,0.0,0.0,0.0,0.0,0.0,1.0,0.0,1.0,0.0,0.0,0.0,0.0,0.0,0.0,0.0,0.0,LBBB,92.0,0.9,90.0,88.0,52.0,13.0,15.0,13.4,4.0,142.0,5300.0,43.0,50.0,175.0,55.0,0.0,mild,0.0,0.0,0.0,0.0
44.0,90.0,185.0,1.0,26.296566837107374,0.0,0.0,1.0,0.0,1.0,1.0,0.0,0.0,0.0,0.0,0.0,0.0,120.0,88.0,0.0,0.0,0.0,0.0,0.0,1.0,0.0,0.0,0.0,0.0,0.0,0.0,1.0,0.0,1.0,0.0,0.0,N,95.0,1.1,144.0,142.0,40.0,16.0,69.0,16.0,4.0,136.0,17000.0,15.0,75.0,250.0,35.0,0.0,N,1.0,1.0,1.0,1.0
71.0,55.0,160.0,0.0,21.484374999999996,1.0,1.0,0.0,0.0,0.0,0.0,0.0,0.0,0.0,0.0,0.0,0.0,120.0,80.0,0.0,0.0,0.0,0.0,0.0,0.0,1.0,0.0,0.0,1.0,0.0,0.0,0.0,0.0,0.0,0.0,0.0,N,130.0,1.3,219.0,91.0,39.0,21.0,46.0,10.5,4.5,138.0,11000.0,27.0,68.0,198.0,55.0,0.0,N,1.0,0.0,1.0,0.0
63.0,84.0,175.0,1.0,27.428571428571427,1.0,1.0,0.0,0.0,0.0,1.0,0.0,0.0,0.0,0.0,0.0,0.0,160.0,70.0,0.0,0.0,0.0,0.0,0.0,1.0,0.0,0.0,0.0,0.0,0.0,1.0,1.0,0.0,1.0,0.0,0.0,N,183.0,1.5,204.0,136.0,38.0,38.0,4.0,12.3,4.8,134.0,12200.0,15.0,77.0,241.0,40.0,3.0,mild,1.0,1.0,0.0,0.0
45.0,82.0,175.0,1.0,26.775510204081634,0.0,0.0,1.0,0.0,0.0,1.0,0.0,0.0,0.0,0.0,0.0,0.0,110.0,70.0,0.0,0.0,0.0,0.0,0.0,1.0,0.0,0.0,0.0,0.0,0.0,1.0,0.0,0.0,1.0,0.0,0.0,N,96.0,1.0,1050.0,76.0,44.0,19.0,2.0,17.6,4.0,140.0,6800.0,30.0,64.0,214.0,40.0,0.0,mild,1.0,1.0,1.0,1.0
70.0,72.0,165.0,1.0,26.44628099173554,1.0,1.0,0.0,0.0,0.0,1.0,0.0,0.0,0.0,0.0,0.0,1.0,135.0,70.0,0.0,0.0,0.0,0.0,0.0,0.0,0.0,0.0,1.0,0.0,0.0,0.0,0.0,0.0,1.0,0.0,0.0,N,136.0,1.5,103.0,94.0,32.0,28.0,6.0,15.4,4.3,138.0,6900.0,28.0,70.0,199.0,50.0,0.0,N,1.0,1.0,1.0,1.0
71.0,60.0,157.0,0.0,24.341758286340216,0.0,1.0,0.0,0.0,1.0,0.0,0.0,0.0,0.0,0.0,0.0,1.0,130.0,60.0,0.0,0.0,0.0,0.0,0.0,1.0,0.0,0.0,0.0,0.0,0.0,0.0,0.0,1.0,1.0,0.0,0.0,N,82.0,1.2,130.0,124.0,42.0,33.0,41.0,13.6,5.4,138.0,15400.0,7.0,85.0,259.0,55.0,0.0,N,1.0,1.0,1.0,1.0
42.0,91.0,174.0,1.0,30.056810675122207,0.0,0.0,1.0,0.0,1.0,1.0,0.0,0.0,0.0,0.0,0.0,0.0,120.0,60.0,0.0,0.0,0.0,0.0,0.0,1.0,1.0,2.0,0.0,0.0,0.0,0.0,0.0,0.0,0.0,0.0,0.0,LBBB,97.0,1.1,122.0,52.0,29.0,17.0,3.0,14.3,4.2,142.0,7300.0,44.0,44.0,175.0,55.0,0.0,N,0.0,0.0,0.0,0.0
62.0,80.0,156.0,0.0,32.87310979618672,0.0,1.0,0.0,0.0,0.0,1.0,0.0,0.0,0.0,0.0,0.0,1.0,140.0,80.0,0.0,0.0,0.0,0.0,0.0,0.0,1.0,2.0,1.0,0.0,0.0,0.0,0.0,0.0,1.0,0.0,0.0,N,119.0,1.1,174.0,129.0,46.0,16.0,6.0,14.7,3.5,142.0,6300.0,37.0,57.0,174.0,55.0,0.0,mild,0.0,0.0,0.0,0.0
65.0,78.0,153.0,0.0,33.320517749583495,0.0,1.0,0.0,0.0,0.0,1.0,0.0,0.0,0.0,0.0,0.0,0.0,120.0,90.0,1.0,0.0,0.0,0.0,0.0,1.0,1.0,2.0,0.0,0.0,0.0,0.0,0.0,1.0,0.0,0.0,0.0,N,103.0,0.9,89.0,82.0,40.0,31.0,9.0,13.0,4.2,139.0,4100.0,50.0,44.0,161.0,55.0,0.0,mild,1.0,1.0,0.0,0.0
63.0,64.0,160.0,0.0,24.999999999999996,1.0,1.0,0.0,0.0,0.0,1.0,0.0,0.0,0.0,0.0,0.0,1.0,140.0,70.0,0.0,0.0,0.0,0.0,0.0,0.0,1.0,2.0,1.0,0.0,0.0,0.0,0.0,0.0,0.0,0.0,0.0,N,156.0,1.2,116.0,92.0,33.0,18.0,9.0,12.4,4.4,142.0,6800.0,32.0,58.0,240.0,55.0,0.0,mild,0.0,0.0,0.0,0.0
60.0,82.0,170.0,1.0,28.373702422145332,0.0,0.0,0.0,0.0,0.0,1.0,0.0,0.0,0.0,0.0,0.0,0.0,120.0,70.0,0.0,0.0,0.0,0.0,0.0,1.0,1.0,2.0,0.0,0.0,0.0,1.0,0.0,0.0,1.0,0.0,0.0,N,95.0,1.1,62.0,42.0,39.0,20.0,2.0,12.5,4.4,136.0,3700.0,34.0,53.0,172.0,40.0,0.0,N,1.0,0.0,0.0,1.0
58.0,86.0,168.0,1.0,30.470521541950117,0.0,0.0,1.0,0.0,0.0,1.0,0.0,0.0,0.0,0.0,0.0,0.0,120.0,70.0,0.0,0.0,0.0,1.0,0.0,1.0,0.0,2.0,0.0,0.0,0.0,0.0,0.0,0.0,0.0,0.0,0.0,N,100.0,1.3,127.0,71.0,38.0,17.0,40.0,12.8,4.1,145.0,9100.0,20.0,68.0,173.0,50.0,1.0,N,1.0,1.0,1.0,0.0
67.0,67.0,155.0,0.0,27.887617065556707,1.0,1.0,0.0,0.0,0.0,1.0,0.0,0.0,0.0,0.0,0.0,1.0,140.0,80.0,0.0,0.0,0.0,0.0,0.0,0.0,1.0,2.0,1.0,0.0,0.0,1.0,0.0,0.0,0.0,0.0,0.0,N,194.0,1.0,129.0,110.0,18.0,17.0,51.0,12.6,4.7,136.0,7200.0,25.0,65.0,177.0,40.0,0.0,mild,1.0,1.0,1.0,1.0
57.0,103.0,184.0,1.0,30.42296786389414,0.0,0.0,0.0,0.0,0.0,1.0,0.0,0.0,0.0,0.0,0.0,1.0,130.0,76.0,0.0,0.0,0.0,0.0,0.0,0.0,0.0,0.0,0.0,1.0,0.0,0.0,0.0,0.0,0.0,0.0,0.0,N,101.0,1.1,140.0,112.0,44.0,8.0,12.0,14.3,4.6,139.0,8100.0,33.0,62.0,190.0,45.0,1.0,N,1.0,1.0,1.0,1.0
62.0,67.0,177.0,1.0,21.38593635289987,1.0,0.0,0.0,0.0,0.0,0.0,0.0,0.0,0.0,0.0,0.0,1.0,110.0,70.0,0.0,0.0,0.0,0.0,0.0,0.0,1.0,0.0,1.0,0.0,0.0,0.0,0.0,0.0,0.0,0.0,0.0,N,70.0,1.2,190.0,150.0,44.0,23.0,12.0,13.3,3.8,146.0,9200.0,40.0,54.0,145.0,55.0,2.0,N,1.0,0.0,1.0,1.0
70.0,55.0,170.0,1.0,19.031141868512112,0.0,1.0,0.0,0.0,0.0,0.0,0.0,0.0,0.0,0.0,0.0,0.0,140.0,70.0,0.0,0.0,0.0,0.0,0.0,1.0,0.0,0.0,0.0,0.0,0.0,0.0,0.0,0.0,0.0,0.0,0.0,N,78.0,0.6,140.0,94.0,39.0,13.0,46.0,13.8,4.8,137.0,5700.0,17.0,80.0,275.0,40.0,2.0,mild,1.0,1.0,0.0,0.0
63.0,78.0,169.0,1.0,27.309968138370508,1.0,0.0,0.0,0.0,0.0,1.0,0.0,0.0,0.0,0.0,0.0,0.0,130.0,68.0,0.0,0.0,0.0,0.0,0.0,1.0,1.0,2.0,0.0,0.0,0.0,0.0,0.0,0.0,0.0,0.0,1.0,N,112.0,1.0,93.0,75.0,28.0,24.0,1.0,17.0,4.0,135.0,7200.0,27.0,59.0,210.0,45.0,0.0,mild,1.0,0.0,0.0,1.0
72.0,75.0,153.0,0.0,32.038959374599514,0.0,1.0,0.0,0.0,0.0,1.0,0.0,0.0,0.0,0.0,0.0,0.0,190.0,80.0,0.0,0.0,0.0,0.0,0.0,1.0,0.0,0.0,0.0,0.0,0.0,0.0,0.0,1.0,1.0,0.0,0.0,N,160.0,1.4,142.0,180.0,30.0,15.0,18.0,9.0,4.0,143.0,8600.0,31.0,65.0,181.0,45.0,0.0,mild,1.0,1.0,0.0,0.0
68.0,48.0,154.0,1.0,20.23950075898128,0.0,1.0,0.0,0.0,0.0,0.0,0.0,0.0,0.0,0.0,0.0,0.0,120.0,70.0,0.0,0.0,0.0,0.0,0.0,1.0,1.0,0.0,0.0,0.0,0.0,0.0,0.0,1.0,0.0,0.0,0.0,N,90.0,1.0,74.0,85.0,49.0,17.0,29.0,11.0,4.2,134.0,6900.0,20.0,80.0,267.0,50.0,1.0,N,1.0,1.0,0.0,0.0
72.0,68.0,175.0,1.0,22.20408163265306,0.0,1.0,0.0,0.0,0.0,0.0,0.0,0.0,0.0,0.0,0.0,0.0,140.0,100.0,1.0,0.0,1.0,1.0,0.0,0.0,1.0,0.0,1.0,0.0,0.0,0.0,0.0,0.0,0.0,0.0,0.0,N,78.0,1.6,50.0,30.0,52.0,39.0,32.0,11.0,4.2,140.0,7200.0,13.0,78.0,160.0,20.0,0.0,Moderate,1.0,1.0,1.0,1.0
74.0,88.0,168.0,1.0,31.17913832199547,0.0,1.0,0.0,0.0,0.0,1.0,0.0,0.0,0.0,0.0,0.0,1.0,140.0,80.0,1.0,1.0,0.0,0.0,0.0,1.0,1.0,2.0,0.0,0.0,0.0,0.0,0.0,0.0,0.0,1.0,0.0,N,117.0,1.2,146.0,103.0,40.0,21.0,33.0,14.3,5.1,141.0,10400.0,18.0,72.0,197.0,40.0,0.0,N,1.0,1.0,1.0,1.0
70.0,64.0,150.0,0.0,28.444444444444443,0.0,1.0,0.0,0.0,1.0,1.0,0.0,0.0,0.0,0.0,0.0,1.0,100.0,68.0,0.0,0.0,0.0,0.0,0.0,0.0,1.0,2.0,1.0,0.0,0.0,0.0,0.0,0.0,0.0,0.0,0.0,N,102.0,1.2,198.0,121.0,36.0,22.0,15.0,12.8,4.3,138.0,4200.0,30.0,70.0,174.0,50.0,1.0,mild,1.0,1.0,0.0,0.0
50.0,81.0,152.0,0.0,35.05886426592798,0.0,1.0,0.0,0.0,0.0,1.0,0.0,0.0,0.0,0.0,0.0,0.0,160.0,80.0,0.0,0.0,0.0,0.0,0.0,0.0,1.0,0.0,1.0,0.0,0.0,0.0,0.0,0.0,0.0,0.0,0.0,LBBB,131.0,0.8,75.0,100.0,28.0,25.0,15.0,12.5,4.9,144.0,6200.0,35.0,58.0,200.0,55.0,0.0,mild,0.0,0.0,0.0,0.0
42.0,70.0,160.0,1.0,27.343749999999996,0.0,1.0,0.0,0.0,0.0,1.0,0.0,0.0,0.0,0.0,0.0,1.0,132.0,80.0,0.0,0.0,0.0,0.0,0.0,1.0,0.0,0.0,0.0,0.0,0.0,0.0,0.0,0.0,1.0,0.0,0.0,N,79.0,1.0,245.0,115.0,25.0,11.0,2.0,16.5,3.8,144.0,7800.0,42.0,51.0,209.0,50.0,1.0,mild,1.0,1.0,1.0,0.0
50.0,50.0,160.0,0.0,19.531249999999996,0.0,0.0,0.0,0.0,0.0,0.0,0.0,0.0,0.0,0.0,0.0,0.0,100.0,70.0,0.0,0.0,0.0,0.0,0.0,0.0,0.0,0.0,1.0,0.0,0.0,0.0,0.0,1.0,0.0,0.0,0.0,N,92.0,1.0,123.0,64.0,38.0,18.0,46.0,11.5,3.5,135.0,8700.0,26.0,65.0,263.0,55.0,0.0,N,0.0,0.0,0.0,0.0
44.0,60.0,154.0,0.0,25.2993759487266,0.0,0.0,0.0,0.0,1.0,1.0,0.0,0.0,0.0,0.0,0.0,0.0,130.0,80.0,0.0,0.0,0.0,1.0,0.0,0.0,1.0,2.0,1.0,0.0,0.0,0.0,0.0,0.0,0.0,0.0,0.0,N,111.0,1.0,104.0,142.0,47.0,10.0,3.0,10.5,4.2,142.0,8300.0,26.0,66.0,242.0,50.0,0.0,mild,0.0,0.0,0.0,0.0
43.0,108.0,170.0,0.0,37.37024221453288,1.0,0.0,0.0,0.0,0.0,1.0,0.0,0.0,0.0,0.0,0.0,1.0,110.0,70.0,0.0,0.0,0.0,0.0,0.0,0.0,0.0,0.0,1.0,0.0,0.0,0.0,0.0,0.0,0.0,0.0,0.0,N,210.0,0.9,128.0,122.0,48.0,15.0,23.0,12.3,5.2,140.0,7700.0,30.0,60.0,227.0,55.0,0.0,N,0.0,0.0,0.0,0.0
50.0,73.0,160.0,0.0,28.515624999999993,0.0,1.0,0.0,0.0,1.0,1.0,0.0,0.0,0.0,0.0,0.0,1.0,180.0,100.0,0.0,0.0,0.0,0.0,0.0,1.0,0.0,0.0,0.0,0.0,0.0,0.0,0.0,1.0,1.0,0.0,0.0,N,127.0,0.7,300.0,213.0,54.0,10.0,9.0,12.6,3.7,139.0,7500.0,33.0,60.0,200.0,55.0,0.0,N,1.0,1.0,0.0,0.0
62.0,74.0,147.0,0.0,34.24499051321209,0.0,1.0,0.0,0.0,0.0,1.0,0.0,0.0,0.0,0.0,0.0,1.0,160.0,70.0,0.0,0.0,0.0,0.0,0.0,1.0,0.0,0.0,0.0,0.0,0.0,0.0,0.0,0.0,0.0,0.0,0.0,N,106.0,0.9,90.0,60.0,54.0,8.0,12.0,13.6,4.1,143.0,7400.0,23.0,70.0,223.0,50.0,0.0,N,1.0,1.0,0.0,0.0
68.0,60.0,150.0,0.0,26.666666666666668,1.0,1.0,0.0,0.0,0.0,1.0,0.0,0.0,1.0,0.0,0.0,0.0,130.0,80.0,0.0,0.0,0.0,0.0,0.0,1.0,0.0,0.0,0.0,0.0,0.0,0.0,0.0,0.0,0.0,0.0,1.0,N,360.0,1.3,235.0,70.0,30.0,52.0,55.0,11.0,3.9,150.0,8600.0,28.0,70.0,190.0,55.0,0.0,mild,1.0,1.0,1.0,1.0
63.0,88.0,175.0,1.0,28.73469387755102,1.0,1.0,1.0,0.0,0.0,1.0,0.0,0.0,0.0,0.0,0.0,0.0,140.0,80.0,0.0,0.0,0.0,0.0,0.0,1.0,0.0,0.0,0.0,0.0,0.0,0.0,0.0,0.0,1.0,0.0,1.0,N,142.0,1.2,195.0,77.0,25.0,20.0,30.0,11.0,4.5,140.0,4700.0,29.0,61.0,131.0,20.0,3.0,N,1.0,1.0,1.0,1.0
53.0,108.0,178.0,1.0,34.086605226612804,0.0,0.0,1.0,0.0,0.0,1.0,0.0,0.0,0.0,0.0,0.0,0.0,120.0,80.0,0.0,0.0,0.0,0.0,0.0,1.0,0.0,0.0,0.0,0.0,0.0,0.0,0.0,0.0,0.0,0.0,0.0,N,108.0,1.2,81.0,97.0,37.0,14.0,6.0,14.6,4.2,139.0,4700.0,40.0,50.0,129.0,55.0,0.0,N,0.0,0.0,0.0,0.0
48.0,87.0,169.0,1.0,30.461118308182492,0.0,1.0,0.0,0.0,0.0,1.0,0.0,0.0,0.0,0.0,0.0,0.0,140.0,70.0,0.0,0.0,0.0,0.0,0.0,0.0,0.0,0.0,1.0,0.0,0.0,0.0,1.0,0.0,0.0,0.0,0.0,N,96.0,1.1,148.0,115.0,50.0,12.0,12.0,13.9,4.7,141.0,7500.0,35.0,51.0,214.0,45.0,0.0,mild,1.0,1.0,0.0,0.0
74.0,72.0,181.0,1.0,21.97735111870822,0.0,1.0,1.0,0.0,0.0,0.0,0.0,0.0,0.0,0.0,0.0,0.0,150.0,70.0,0.0,0.0,0.0,0.0,0.0,1.0,1.0,3.0,0.0,0.0,0.0,0.0,0.0,1.0,1.0,0.0,0.0,N,72.0,0.9,145.0,121.0,48.0,15.0,25.0,13.6,3.4,142.0,5400.0,31.0,58.0,308.0,45.0,0.0,mild,1.0,1.0,1.0,1.0
66.0,70.0,162.0,1.0,26.672763298277697,0.0,1.0,0.0,0.0,0.0,1.0,0.0,0.0,0.0,0.0,0.0,0.0,130.0,70.0,0.0,0.0,0.0,0.0,0.0,1.0,1.0,2.0,0.0,0.0,0.0,0.0,0.0,0.0,0.0,0.0,0.0,N,94.0,1.4,127.0,146.0,24.0,32.0,6.0,14.4,4.1,141.0,6400.0,52.0,45.0,261.0,55.0,0.0,mild,1.0,1.0,1.0,0.0
49.0,89.0,185.0,1.0,26.004382761139514,0.0,1.0,1.0,0.0,0.0,1.0,0.0,0.0,0.0,0.0,0.0,1.0,130.0,70.0,0.0,0.0,0.0,0.0,0.0,0.0,1.0,2.0,1.0,0.0,0.0,0.0,0.0,0.0,0.0,0.0,0.0,N,90.0,1.2,136.0,136.0,38.0,13.0,13.0,14.3,4.4,144.0,11000.0,42.0,52.0,171.0,55.0,0.0,N,0.0,0.0,0.0,0.0
62.0,100.0,176.0,1.0,32.28305785123967,0.0,0.0,0.0,0.0,0.0,1.0,0.0,0.0,0.0,0.0,0.0,0.0,120.0,80.0,0.0,0.0,0.0,0.0,0.0,0.0,1.0,0.0,1.0,0.0,0.0,0.0,0.0,0.0,0.0,0.0,0.0,N,90.0,1.1,95.0,112.0,45.0,14.0,31.0,11.6,4.1,142.0,6600.0,29.0,69.0,200.0,45.0,0.0,N,1.0,1.0,0.0,1.0
65.0,65.0,160.0,0.0,25.390624999999996,1.0,0.0,0.0,0.0,0.0,1.0,0.0,0.0,1.0,0.0,0.0,1.0,120.0,70.0,0.0,0.0,0.0,0.0,0.0,1.0,1.0,2.0,0.0,0.0,0.0,0.0,0.0,0.0,0.0,0.0,0.0,LBBB,260.0,1.2,161.0,64.0,46.0,26.0,34.0,9.9,4.5,134.0,14700.0,40.0,49.0,354.0,30.0,0.0,mild,1.0,1.0,1.0,0.0
76.0,85.0,179.0,1.0,26.528510346119035,0.0,1.0,0.0,0.0,0.0,1.0,0.0,0.0,0.0,0.0,0.0,0.0,130.0,80.0,0.0,0.0,0.0,0.0,0.0,0.0,1.0,2.0,0.0,0.0,0.0,0.0,0.0,0.0,0.0,0.0,0.0,N,78.0,0.8,88.0,88.0,39.0,16.0,16.0,14.2,3.7,146.0,16000.0,11.0,83.0,170.0,50.0,0.0,mild,1.0,1.0,1.0,1.0
66.0,65.0,140.0,0.0,33.163265306122454,0.0,1.0,0.0,0.0,0.0,1.0,0.0,0.0,0.0,0.0,0.0,1.0,115.0,80.0,0.0,0.0,0.0,0.0,0.0,1.0,1.0,0.0,0.0,0.0,0.0,0.0,0.0,0.0,0.0,0.0,0.0,N,88.0,0.9,152.0,101.0,42.0,13.0,20.0,13.0,4.3,144.0,9100.0,46.0,49.0,269.0,55.0,0.0,mild,0.0,0.0,0.0,0.0
58.0,102.0,175.0,1.0,33.30612244897959,0.0,0.0,1.0,0.0,0.0,1.0,0.0,0.0,0.0,0.0,0.0,0.0,110.0,60.0,0.0,0.0,0.0,0.0,0.0,1.0,0.0,0.0,0.0,0.0,0.0,0.0,1.0,0.0,0.0,0.0,0.0,N,75.0,0.5,130.0,99.0,51.0,15.0,4.0,14.2,4.1,140.0,6300.0,26.0,67.0,309.0,40.0,2.0,mild,1.0,1.0,1.0,0.0
50.0,75.0,176.0,1.0,24.212293388429753,0.0,1.0,0.0,0.0,0.0,0.0,0.0,0.0,0.0,0.0,0.0,0.0,125.0,75.0,0.0,0.0,0.0,0.0,0.0,0.0,0.0,0.0,0.0,1.0,0.0,0.0,0.0,0.0,1.0,0.0,0.0,N,90.0,1.2,140.0,142.0,43.0,15.0,12.0,14.1,4.9,140.0,5500.0,47.0,48.0,214.0,55.0,2.0,mild,0.0,0.0,0.0,0.0
79.0,57.0,171.0,1.0,19.493177387914233,0.0,0.0,0.0,0.0,0.0,0.0,0.0,0.0,0.0,0.0,0.0,0.0,110.0,70.0,0.0,0.0,0.0,0.0,0.0,0.0,1.0,0.0,0.0,0.0,0.0,0.0,0.0,0.0,0.0,0.0,0.0,RBBB,100.0,1.3,85.0,58.0,36.0,30.0,3.0,13.3,4.9,138.0,5700.0,22.0,68.0,187.0,15.0,0.0,Moderate,0.0,0.0,0.0,0.0
70.0,71.0,171.0,1.0,24.280975342840534,0.0,1.0,0.0,0.0,0.0,0.0,0.0,0.0,0.0,0.0,0.0,0.0,140.0,80.0,0.0,0.0,0.0,0.0,0.0,1.0,0.0,0.0,0.0,0.0,0.0,0.0,0.0,0.0,0.0,1.0,0.0,N,87.0,1.2,102.0,68.0,34.0,27.0,16.0,11.8,3.9,141.0,8600.0,39.0,51.0,225.0,45.0,0.0,mild,1.0,1.0,1.0,0.0
50.0,83.0,168.0,1.0,29.40759637188209,0.0,1.0,0.0,0.0,0.0,1.0,0.0,0.0,0.0,0.0,0.0,0.0,130.0,70.0,0.0,0.0,0.0,0.0,0.0,0.0,0.0,0.0,1.0,0.0,0.0,0.0,0.0,1.0,1.0,0.0,0.0,N,109.0,1.2,80.0,66.0,36.0,17.0,13.0,13.7,3.7,142.0,7600.0,36.0,55.0,240.0,50.0,1.0,N,1.0,1.0,0.0,0.0
62.0,82.0,161.0,1.0,31.634581999151262,0.0,0.0,0.0,0.0,0.0,1.0,0.0,0.0,0.0,0.0,0.0,0.0,130.0,70.0,0.0,0.0,0.0,0.0,0.0,1.0,1.0,2.0,0.0,0.0,0.0,0.0,0.0,0.0,0.0,0.0,0.0,LBBB,102.0,1.3,149.0,124.0,34.0,17.0,10.0,15.2,4.5,144.0,7700.0,28.0,64.0,208.0,30.0,0.0,mild,1.0,1.0,1.0,1.0
51.0,68.0,148.0,0.0,31.0445580715851,0.0,0.0,0.0,0.0,0.0,1.0,0.0,0.0,0.0,0.0,0.0,0.0,130.0,80.0,0.0,0.0,0.0,1.0,0.0,0.0,0.0,0.0,1.0,0.0,0.0,0.0,0.0,1.0,1.0,0.0,0.0,N,119.0,0.9,132.0,111.0,44.0,15.0,20.0,13.4,4.4,143.0,7500.0,35.0,54.0,188.0,35.0,1.0,Moderate,0.0,0.0,0.0,0.0
42.0,74.0,172.0,1.0,25.013520822065985,0.0,1.0,1.0,0.0,1.0,1.0,0.0,0.0,0.0,0.0,0.0,0.0,140.0,70.0,0.0,0.0,0.0,0.0,0.0,1.0,0.0,0.0,0.0,0.0,0.0,0.0,0.0,0.0,1.0,0.0,0.0,N,90.0,0.9,80.0,65.0,27.0,10.0,42.0,11.8,4.3,138.0,6500.0,40.0,60.0,145.0,45.0,2.0,Moderate,1.0,1.0,0.0,0.0
54.0,67.0,164.0,1.0,24.910767400356935,0.0,0.0,0.0,0.0,0.0,0.0,0.0,0.0,0.0,0.0,0.0,0.0,110.0,70.0,0.0,0.0,0.0,0.0,0.0,0.0,0.0,0.0,1.0,0.0,0.0,0.0,0.0,0.0,0.0,0.0,0.0,N,94.0,1.0,37.0,18.0,22.0,22.0,4.0,13.8,4.6,146.0,6500.0,38.0,52.0,186.0,55.0,0.0,mild,0.0,0.0,0.0,0.0
64.0,74.0,153.0,0.0,31.611773249604852,1.0,0.0,0.0,0.0,0.0,1.0,0.0,0.0,0.0,0.0,0.0,1.0,110.0,70.0,0.0,0.0,0.0,0.0,0.0,0.0,1.0,0.0,1.0,0.0,0.0,0.0,0.0,0.0,0.0,0.0,0.0,N,300.0,1.1,150.0,49.0,28.0,19.0,29.0,11.0,4.4,140.0,7700.0,32.0,54.0,220.0,50.0,0.0,mild,0.0,0.0,0.0,0.0
46.0,73.0,160.0,0.0,28.515624999999993,0.0,0.0,0.0,0.0,1.0,1.0,0.0,0.0,0.0,0.0,0.0,1.0,130.0,80.0,0.0,0.0,0.0,1.0,1.0,0.0,0.0,0.0,1.0,0.0,0.0,0.0,0.0,0.0,0.0,0.0,0.0,N,94.0,1.1,75.0,100.0,28.0,15.0,14.0,12.0,4.3,140.0,5300.0,28.0,71.0,188.0,50.0,0.0,mild,0.0,0.0,0.0,0.0
62.0,63.0,160.0,0.0,24.609374999999996,1.0,1.0,0.0,0.0,0.0,0.0,0.0,0.0,0.0,0.0,0.0,0.0,140.0,80.0,0.0,0.0,0.0,0.0,0.0,1.0,0.0,0.0,0.0,0.0,0.0,0.0,0.0,1.0,0.0,0.0,0.0,N,161.0,0.8,52.0,47.0,61.0,12.0,17.0,11.9,5.0,148.0,4600.0,38.0,55.0,200.0,50.0,0.0,mild,1.0,0.0,0.0,1.0
43.0,82.0,169.0,1.0,28.71047932495361,0.0,0.0,1.0,0.0,0.0,1.0,0.0,0.0,0.0,0.0,0.0,0.0,110.0,70.0,0.0,0.0,0.0,0.0,0.0,0.0,1.0,0.0,1.0,0.0,0.0,0.0,0.0,0.0,0.0,0.0,0.0,N,142.0,1.4,216.0,158.0,46.0,22.0,10.0,13.0,3.4,140.0,8100.0,34.0,62.0,211.0,55.0,0.0,mild,0.0,0.0,0.0,0.0
85.0,73.0,165.0,1.0,26.813590449954088,0.0,1.0,0.0,0.0,1.0,1.0,0.0,0.0,0.0,0.0,0.0,0.0,150.0,80.0,0.0,0.0,0.0,0.0,0.0,0.0,0.0,0.0,0.0,0.0,0.0,0.0,0.0,0.0,0.0,0.0,0.0,LBBB,89.0,1.6,100.0,80.0,39.0,23.0,23.0,11.0,4.1,132.0,10300.0,10.0,84.0,256.0,45.0,2.0,mild,1.0,1.0,1.0,1.0
64.0,64.0,152.0,0.0,27.700831024930746,0.0,1.0,0.0,0.0,0.0,1.0,0.0,0.0,0.0,0.0,0.0,1.0,130.0,80.0,0.0,1.0,0.0,0.0,0.0,1.0,1.0,2.0,0.0,0.0,0.0,0.0,0.0,0.0,0.0,1.0,0.0,N,91.0,0.8,190.0,113.0,42.0,15.0,11.0,13.6,4.4,142.0,6700.0,31.0,64.0,25.0,45.0,0.0,mild,1.0,1.0,0.0,0.0
47.0,82.0,173.0,1.0,27.39817568244846,0.0,1.0,1.0,0.0,0.0,1.0,0.0,0.0,0.0,0.0,0.0,1.0,140.0,80.0,0.0,0.0,0.0,0.0,0.0,0.0,0.0,0.0,1.0,0.0,0.0,0.0,0.0,0.0,0.0,0.0,0.0,N,104.0,1.2,76.0,77.0,26.0,21.0,2.0,15.0,4.1,142.0,6000.0,28.0,66.0,208.0,40.0,0.0,mild,0.0,0.0,0.0,0.0
57.0,90.0,168.0,0.0,31.88775510204082,0.0,1.0,0.0,0.0,1.0,1.0,0.0,0.0,0.0,0.0,0.0,1.0,130.0,70.0,0.0,0.0,0.0,0.0,0.0,1.0,1.0,2.0,0.0,0.0,0.0,0.0,0.0,1.0,0.0,0.0,0.0,N,114.0,0.9,90.0,60.0,44.0,18.0,16.0,13.4,3.2,140.0,9800.0,21.0,70.0,184.0,50.0,0.0,mild,1.0,1.0,0.0,0.0
44.0,79.0,165.0,1.0,29.017447199265384,1.0,1.0,0.0,0.0,0.0,1.0,0.0,0.0,0.0,0.0,0.0,0.0,160.0,90.0,0.0,0.0,0.0,0.0,0.0,0.0,1.0,2.0,1.0,0.0,0.0,0.0,0.0,0.0,0.0,0.0,0.0,LBBB,96.0,0.9,120.0,110.0,44.0,30.0,15.0,14.4,3.9,132.0,5500.0,40.0,60.0,193.0,20.0,0.0,Moderate,0.0,0.0,0.0,0.0
71.0,78.0,164.0,1.0,29.000594883997625,0.0,1.0,0.0,0.0,0.0,1.0,0.0,0.0,0.0,0.0,0.0,0.0,130.0,70.0,0.0,0.0,0.0,0.0,0.0,1.0,0.0,2.0,0.0,0.0,0.0,0.0,0.0,0.0,0.0,0.0,0.0,N,84.0,1.7,112.0,110.0,45.0,30.0,5.0,16.0,4.6,141.0,4100.0,32.0,62.0,173.0,45.0,3.0,mild,1.0,1.0,1.0,1.0
41.0,86.0,155.0,0.0,35.796045785639954,1.0,1.0,0.0,0.0,0.0,1.0,0.0,0.0,0.0,1.0,0.0,0.0,120.0,60.0,0.0,0.0,0.0,0.0,0.0,0.0,1.0,2.0,1.0,0.0,0.0,0.0,0.0,0.0,0.0,0.0,0.0,N,90.0,1.2,152.0,131.0,35.0,12.0,41.0,13.3,4.1,142.0,9300.0,43.0,50.0,249.0,50.0,0.0,N,0.0,0.0,0.0,0.0
50.0,89.0,159.0,0.0,35.20430362722993,0.0,0.0,0.0,0.0,1.0,1.0,0.0,0.0,0.0,0.0,0.0,1.0,110.0,65.0,0.0,0.0,0.0,0.0,0.0,1.0,1.0,2.0,0.0,0.0,0.0,0.0,0.0,0.0,0.0,0.0,0.0,N,90.0,0.9,95.0,140.0,35.0,18.0,14.0,12.9,4.3,143.0,7900.0,30.0,65.0,260.0,55.0,0.0,N,0.0,0.0,0.0,0.0
55.0,65.0,167.0,1.0,23.306680053067517,0.0,1.0,1.0,0.0,0.0,0.0,0.0,0.0,0.0,0.0,0.0,0.0,140.0,90.0,0.0,0.0,0.0,0.0,0.0,0.0,1.0,2.0,0.0,0.0,0.0,0.0,0.0,0.0,1.0,0.0,0.0,N,96.0,1.1,112.0,70.0,33.0,15.0,26.0,13.0,3.9,142.0,8200.0,40.0,55.0,192.0,55.0,0.0,mild,1.0,0.0,0.0,1.0
66.0,83.0,158.0,0.0,33.247876942797625,1.0,1.0,0.0,0.0,0.0,1.0,0.0,0.0,0.0,0.0,0.0,1.0,130.0,70.0,0.0,0.0,0.0,0.0,0.0,1.0,0.0,0.0,0.0,0.0,0.0,0.0,0.0,0.0,1.0,0.0,0.0,N,153.0,1.4,106.0,36.0,34.0,14.0,20.0,12.0,3.4,142.0,7700.0,33.0,66.0,170.0,55.0,0.0,mild,1.0,1.0,1.0,1.0
62.0,87.0,167.0,1.0,31.1950948402596,1.0,1.0,0.0,0.0,0.0,1.0,0.0,0.0,0.0,0.0,0.0,1.0,130.0,80.0,0.0,0.0,0.0,0.0,0.0,0.0,1.0,2.0,0.0,0.0,0.0,0.0,0.0,0.0,0.0,1.0,0.0,N,106.0,1.1,236.0,69.0,18.0,19.0,9.0,14.0,4.3,142.0,8300.0,40.0,54.0,257.0,45.0,1.0,mild,1.0,1.0,0.0,0.0
44.0,54.0,145.0,0.0,25.68370986920333,1.0,1.0,0.0,0.0,1.0,1.0,0.0,0.0,0.0,0.0,0.0,1.0,130.0,70.0,1.0,0.0,0.0,0.0,0.0,1.0,1.0,2.0,0.0,0.0,0.0,0.0,0.0,0.0,0.0,0.0,1.0,N,144.0,0.7,160.0,172.0,51.0,15.0,27.0,11.0,4.1,135.0,9300.0,34.0,50.0,220.0,55.0,0.0,mild,1.0,1.0,0.0,1.0
60.0,57.0,174.0,1.0,18.826793499801823,1.0,1.0,0.0,0.0,0.0,0.0,0.0,0.0,0.0,0.0,0.0,0.0,140.0,80.0,0.0,0.0,0.0,1.0,0.0,1.0,0.0,0.0,0.0,0.0,0.0,0.0,0.0,0.0,1.0,0.0,0.0,N,234.0,1.1,150.0,110.0,40.0,19.0,8.0,14.2,4.0,140.0,7000.0,36.0,60.0,184.0,55.0,0.0,mild,1.0,1.0,0.0,0.0
46.0,74.0,177.0,1.0,23.620287912158062,0.0,0.0,0.0,0.0,0.0,0.0,0.0,0.0,0.0,0.0,0.0,0.0,110.0,70.0,0.0,0.0,0.0,0.0,0.0,0.0,0.0,0.0,1.0,0.0,0.0,0.0,0.0,0.0,0.0,0.0,0.0,N,77.0,0.9,304.0,88.0,43.0,10.0,8.0,13.6,4.6,144.0,8500.0,55.0,40.0,273.0,55.0,0.0,N,0.0,0.0,0.0,0.0
69.0,60.0,165.0,0.0,22.03856749311295,1.0,0.0,0.0,0.0,1.0,0.0,0.0,0.0,0.0,0.0,0.0,1.0,120.0,86.0,0.0,0.0,0.0,0.0,0.0,0.0,1.0,2.0,0.0,0.0,0.0,0.0,0.0,0.0,0.0,0.0,1.0,N,171.0,0.7,106.0,116.0,50.0,17.0,29.0,9.4,3.8,135.0,9300.0,16.0,72.0,292.0,40.0,0.0,mild,1.0,1.0,0.0,1.0
38.0,66.0,166.0,0.0,23.95122659311947,0.0,0.0,0.0,0.0,1.0,0.0,0.0,0.0,0.0,0.0,0.0,0.0,110.0,70.0,0.0,0.0,0.0,0.0,0.0,0.0,1.0,3.0,1.0,0.0,0.0,0.0,0.0,0.0,0.0,0.0,0.0,N,80.0,0.6,41.0,119.0,82.0,10.0,28.0,10.0,3.7,143.0,5500.0,39.0,53.0,236.0,55.0,0.0,N,0.0,0.0,0.0,0.0
73.0,76.0,170.0,1.0,26.29757785467128,0.0,1.0,1.0,0.0,0.0,1.0,0.0,0.0,0.0,0.0,0.0,0.0,130.0,80.0,1.0,0.0,0.0,0.0,0.0,1.0,0.0,0.0,0.0,0.0,0.0,0.0,0.0,0.0,0.0,0.0,0.0,N,100.0,1.0,62.0,70.0,44.0,22.0,16.0,15.0,4.0,143.0,5800.0,44.0,52.0,166.0,55.0,0.0,mild,0.0,0.0,0.0,0.0
66.0,62.0,185.0,1.0,18.115412710007302,0.0,0.0,0.0,0.0,0.0,0.0,0.0,0.0,0.0,0.0,0.0,1.0,120.0,70.0,0.0,0.0,0.0,0.0,0.0,1.0,1.0,1.0,0.0,0.0,0.0,0.0,0.0,0.0,0.0,0.0,0.0,N,76.0,0.9,43.0,117.0,44.0,15.0,37.0,12.4,4.3,138.0,7100.0,17.0,76.0,181.0,45.0,0.0,mild,0.0,0.0,0.0,0.0
55.0,70.0,161.0,0.0,27.005130974885226,1.0,1.0,0.0,0.0,0.0,1.0,0.0,0.0,0.0,0.0,0.0,1.0,150.0,80.0,0.0,0.0,0.0,0.0,0.0,1.0,0.0,0.0,0.0,0.0,0.0,1.0,0.0,0.0,0.0,0.0,1.0,N,153.0,1.2,115.0,57.0,31.0,21.0,30.0,13.0,4.9,142.0,10000.0,31.0,53.0,220.0,50.0,0.0,N,1.0,1.0,0.0,0.0
64.0,95.0,165.0,1.0,34.894398530762174,0.0,0.0,0.0,0.0,0.0,1.0,0.0,1.0,0.0,0.0,0.0,0.0,110.0,70.0,0.0,0.0,0.0,0.0,0.0,0.0,1.0,0.0,1.0,0.0,0.0,0.0,0.0,1.0,1.0,0.0,0.0,N,93.0,1.4,108.0,72.0,29.0,22.0,11.0,15.8,4.2,140.0,8800.0,26.0,68.0,200.0,30.0,0.0,mild,0.0,0.0,0.0,0.0
50.0,98.0,175.0,1.0,32.0,0.0,1.0,0.0,0.0,0.0,1.0,0.0,0.0,0.0,0.0,0.0,0.0,150.0,70.0,0.0,0.0,0.0,0.0,0.0,0.0,1.0,2.0,0.0,0.0,0.0,0.0,0.0,0.0,0.0,1.0,0.0,N,113.0,1.3,86.0,90.0,44.0,11.0,13.0,13.6,3.0,139.0,9000.0,27.0,61.0,220.0,50.0,0.0,mild,0.0,0.0,0.0,0.0
53.0,83.0,178.0,1.0,26.19618735008206,0.0,1.0,0.0,0.0,0.0,1.0,0.0,0.0,0.0,0.0,0.0,0.0,140.0,70.0,0.0,0.0,0.0,0.0,0.0,0.0,0.0,0.0,1.0,0.0,0.0,0.0,0.0,0.0,0.0,0.0,0.0,N,164.0,1.2,131.0,108.0,36.0,24.0,3.0,13.5,4.3,138.0,9800.0,43.0,55.0,172.0,55.0,0.0,N,0.0,0.0,0.0,0.0
50.0,65.0,170.0,1.0,22.49134948096886,0.0,0.0,1.0,0.0,1.0,0.0,0.0,0.0,0.0,0.0,0.0,1.0,130.0,70.0,0.0,0.0,0.0,0.0,0.0,0.0,0.0,0.0,1.0,0.0,0.0,0.0,0.0,0.0,0.0,0.0,0.0,N,102.0,1.4,162.0,110.0,31.0,15.0,5.0,14.2,4.1,138.0,7400.0,53.0,44.0,264.0,55.0,0.0,N,1.0,1.0,1.0,1.0
68.0,95.0,180.0,1.0,29.320987654320987,0.0,1.0,0.0,1.0,0.0,1.0,0.0,0.0,0.0,0.0,0.0,1.0,110.0,70.0,0.0,0.0,0.0,0.0,0.0,1.0,0.0,3.0,0.0,0.0,0.0,0.0,0.0,0.0,0.0,1.0,0.0,N,111.0,1.9,78.0,55.0,30.0,40.0,42.0,11.0,4.4,143.0,8800.0,13.0,77.0,118.0,55.0,0.0,mild,1.0,1.0,1.0,1.0
57.0,94.0,161.0,0.0,36.264033023417305,0.0,1.0,0.0,0.0,0.0,1.0,0.0,0.0,0.0,0.0,0.0,0.0,170.0,70.0,0.0,0.0,0.0,0.0,0.0,0.0,1.0,0.0,0.0,0.0,0.0,0.0,0.0,0.0,0.0,1.0,0.0,N,119.0,1.6,222.0,167.0,27.0,32.0,34.0,11.4,4.0,141.0,6400.0,34.0,61.0,188.0,45.0,0.0,mild,1.0,1.0,1.0,0.0
62.0,63.0,161.0,1.0,24.3046178773967,1.0,1.0,0.0,0.0,0.0,0.0,0.0,0.0,0.0,0.0,0.0,0.0,150.0,70.0,0.0,0.0,0.0,0.0,0.0,0.0,1.0,0.0,0.0,0.0,0.0,0.0,0.0,0.0,0.0,0.0,0.0,N,180.0,1.0,250.0,125.0,40.0,22.0,29.0,14.0,3.9,144.0,9600.0,11.0,77.0,187.0,50.0,1.0,N,1.0,1.0,1.0,1.0
64.0,59.0,160.0,1.0,23.046874999999996,0.0,1.0,1.0,0.0,1.0,0.0,0.0,0.0,0.0,0.0,0.0,0.0,130.0,70.0,0.0,0.0,0.0,0.0,0.0,0.0,0.0,0.0,1.0,0.0,0.0,0.0,0.0,1.0,1.0,0.0,0.0,N,103.0,1.2,77.0,76.0,39.0,17.0,11.0,13.5,3.9,138.0,6900.0,44.0,52.0,210.0,50.0,0.0,N,1.0,1.0,1.0,1.0
70.0,67.0,166.0,1.0,24.31412396574249,0.0,1.0,0.0,0.0,0.0,0.0,0.0,0.0,0.0,0.0,0.0,0.0,160.0,70.0,0.0,0.0,0.0,0.0,0.0,1.0,1.0,0.0,0.0,0.0,0.0,0.0,0.0,0.0,0.0,1.0,0.0,N,103.0,1.0,88.0,100.0,40.0,17.0,14.0,14.0,4.4,140.0,6200.0,30.0,60.0,220.0,45.0,1.0,mild,1.0,1.0,0.0,0.0
48.0,83.0,165.0,1.0,30.48668503213958,0.0,1.0,1.0,0.0,0.0,1.0,0.0,0.0,0.0,0.0,0.0,0.0,130.0,70.0,0.0,0.0,0.0,0.0,0.0,1.0,1.0,0.0,0.0,0.0,0.0,0.0,0.0,1.0,1.0,0.0,0.0,N,120.0,1.0,470.0,81.0,38.0,15.0,6.0,15.9,4.1,139.0,5800.0,46.0,48.0,195.0,55.0,0.0,mild,1.0,0.0,0.0,1.0
77.0,84.0,172.0,1.0,28.393726338561386,0.0,1.0,0.0,1.0,0.0,1.0,0.0,0.0,0.0,0.0,0.0,0.0,120.0,70.0,0.0,0.0,0.0,0.0,0.0,1.0,0.0,0.0,0.0,0.0,0.0,0.0,0.0,0.0,1.0,0.0,0.0,N,94.0,1.2,64.0,66.0,26.0,14.0,16.0,9.0,4.2,139.0,4800.0,32.0,60.0,197.0,50.0,0.0,N,1.0,1.0,1.0,1.0
54.0,70.0,170.0,0.0,24.221453287197235,0.0,0.0,0.0,0.0,0.0,0.0,0.0,0.0,0.0,0.0,0.0,1.0,120.0,80.0,0.0,0.0,0.0,0.0,0.0,1.0,0.0,2.0,0.0,0.0,0.0,1.0,0.0,0.0,0.0,0.0,0.0,N,122.0,0.9,100.0,88.0,27.0,11.0,27.0,12.0,4.0,138.0,6900.0,37.0,58.0,218.0,55.0,0.0,N,1.0,1.0,1.0,0.0
56.0,62.0,155.0,0.0,25.806451612903224,0.0,1.0,0.0,0.0,1.0,1.0,0.0,0.0,0.0,0.0,0.0,1.0,130.0,75.0,0.0,0.0,0.0,0.0,0.0,1.0,0.0,2.0,0.0,0.0,0.0,0.0,0.0,0.0,0.0,0.0,0.0,N,88.0,1.3,100.0,180.0,64.0,18.0,18.0,13.3,4.1,140.0,4900.0,40.0,51.0,218.0,55.0,0.0,mild,1.0,1.0,0.0,1.0
54.0,67.0,157.0,0.0,27.18163008641324,1.0,0.0,0.0,0.0,0.0,1.0,0.0,0.0,0.0,0.0,0.0,0.0,120.0,70.0,0.0,0.0,0.0,0.0,0.0,1.0,0.0,0.0,0.0,0.0,0.0,0.0,0.0,0.0,0.0,0.0,0.0,N,258.0,0.8,122.0,86.0,37.0,22.0,46.0,14.0,4.7,137.0,7100.0,49.0,47.0,214.0,55.0,1.0,mild,1.0,1.0,1.0,0.0
75.0,74.0,174.0,1.0,24.441802087462015,0.0,1.0,0.0,0.0,0.0,0.0,0.0,0.0,0.0,0.0,0.0,1.0,140.0,70.0,0.0,0.0,0.0,0.0,0.0,1.0,0.0,0.0,0.0,0.0,0.0,0.0,0.0,1.0,1.0,0.0,0.0,N,79.0,1.4,152.0,79.0,37.0,17.0,21.0,12.0,4.3,137.0,5100.0,38.0,60.0,166.0,35.0,3.0,N,1.0,1.0,0.0,0.0
64.0,78.0,177.0,1.0,24.897060231734173,1.0,1.0,0.0,0.0,0.0,0.0,0.0,1.0,0.0,0.0,0.0,1.0,130.0,72.0,0.0,1.0,0.0,0.0,0.0,1.0,0.0,0.0,0.0,0.0,0.0,0.0,0.0,0.0,0.0,0.0,0.0,N,219.0,1.1,309.0,78.0,34.0,20.0,31.0,13.1,4.3,138.0,10000.0,29.0,60.0,233.0,55.0,1.0,mild,1.0,0.0,0.0,1.0
48.0,97.0,154.0,0.0,40.90065778377467,1.0,0.0,0.0,0.0,0.0,1.0,0.0,0.0,0.0,0.0,0.0,0.0,120.0,75.0,0.0,0.0,0.0,0.0,0.0,1.0,1.0,2.0,0.0,0.0,0.0,0.0,0.0,0.0,0.0,0.0,0.0,N,212.0,0.8,105.0,50.0,27.0,10.0,37.0,13.0,4.9,140.0,9000.0,33.0,59.0,217.0,45.0,2.0,mild,1.0,1.0,1.0,1.0
62.0,69.0,166.0,0.0,25.039918710988534,0.0,0.0,0.0,0.0,1.0,1.0,0.0,0.0,0.0,0.0,0.0,1.0,130.0,80.0,0.0,0.0,0.0,0.0,0.0,0.0,1.0,0.0,1.0,0.0,0.0,0.0,0.0,0.0,0.0,0.0,0.0,N,105.0,1.0,111.0,116.0,67.0,14.0,15.0,11.9,3.7,140.0,9500.0,34.0,62.0,184.0,55.0,0.0,N,0.0,0.0,0.0,0.0
56.0,88.0,181.0,1.0,26.861206922865602,0.0,0.0,0.0,0.0,0.0,1.0,0.0,0.0,0.0,0.0,0.0,0.0,110.0,70.0,0.0,0.0,0.0,0.0,0.0,0.0,0.0,0.0,1.0,0.0,0.0,0.0,0.0,0.0,0.0,0.0,0.0,N,80.0,1.1,281.0,190.0,47.0,16.0,32.0,13.5,3.8,139.0,6000.0,34.0,58.0,149.0,55.0,0.0,N,0.0,0.0,0.0,0.0
56.0,80.0,178.0,1.0,25.24933720489837,0.0,0.0,1.0,0.0,1.0,1.0,0.0,0.0,0.0,0.0,0.0,0.0,130.0,80.0,0.0,0.0,0.0,0.0,0.0,1.0,1.0,2.0,0.0,0.0,0.0,0.0,0.0,0.0,1.0,0.0,0.0,N,90.0,1.2,210.0,170.0,46.0,15.0,3.0,15.4,4.4,156.0,6400.0,36.0,58.0,188.0,45.0,3.0,N,1.0,1.0,1.0,0.0
47.0,66.0,170.0,1.0,22.837370242214536,1.0,1.0,0.0,0.0,1.0,0.0,0.0,0.0,0.0,0.0,0.0,1.0,120.0,70.0,0.0,0.0,0.0,0.0,0.0,0.0,1.0,2.0,1.0,0.0,0.0,0.0,0.0,1.0,1.0,0.0,0.0,N,109.0,1.4,112.0,66.0,30.0,14.0,14.0,12.1,4.2,136.0,9500.0,40.0,60.0,197.0,45.0,1.0,mild,1.0,1.0,1.0,0.0
47.0,72.0,169.0,1.0,25.209201358495854,0.0,0.0,1.0,0.0,0.0,1.0,0.0,0.0,0.0,0.0,0.0,0.0,100.0,80.0,0.0,0.0,0.0,0.0,0.0,1.0,1.0,0.0,0.0,0.0,0.0,0.0,0.0,1.0,0.0,0.0,0.0,N,84.0,1.0,114.0,78.0,39.0,18.0,15.0,12.2,4.4,138.0,11500.0,26.0,70.0,278.0,50.0,0.0,mild,1.0,1.0,0.0,0.0
55.0,71.0,155.0,1.0,29.552549427679498,0.0,0.0,0.0,0.0,1.0,1.0,0.0,0.0,0.0,0.0,0.0,0.0,120.0,70.0,0.0,0.0,0.0,0.0,0.0,0.0,0.0,0.0,1.0,0.0,0.0,0.0,0.0,0.0,0.0,0.0,0.0,N,90.0,1.3,84.0,75.0,50.0,22.0,18.0,13.3,3.4,138.0,4700.0,41.0,46.0,169.0,50.0,0.0,N,1.0,1.0,0.0,0.0
52.0,73.0,170.0,1.0,25.25951557093426,0.0,0.0,1.0,0.0,0.0,1.0,0.0,0.0,0.0,0.0,0.0,0.0,130.0,74.0,0.0,0.0,0.0,0.0,0.0,1.0,1.0,0.0,0.0,0.0,0.0,0.0,0.0,1.0,1.0,0.0,0.0,N,84.0,1.0,210.0,90.0,30.0,12.0,5.0,13.3,4.5,139.0,7100.0,38.0,52.0,159.0,30.0,2.0,N,1.0,1.0,0.0,0.0
67.0,64.0,174.0,1.0,21.13885585942661,1.0,1.0,0.0,0.0,0.0,0.0,0.0,0.0,0.0,0.0,0.0,0.0,130.0,80.0,1.0,0.0,0.0,0.0,0.0,1.0,0.0,0.0,0.0,0.0,0.0,0.0,0.0,1.0,1.0,0.0,0.0,N,94.0,1.4,90.0,146.0,42.0,12.0,14.0,13.1,4.9,144.0,11000.0,19.0,80.0,214.0,45.0,1.0,mild,1.0,1.0,0.0,1.0
63.0,72.0,165.0,1.0,26.44628099173554,0.0,1.0,0.0,0.0,0.0,1.0,0.0,0.0,0.0,0.0,0.0,0.0,140.0,80.0,0.0,0.0,0.0,0.0,0.0,0.0,0.0,0.0,1.0,0.0,0.0,0.0,0.0,0.0,1.0,0.0,0.0,N,85.0,1.2,99.0,89.0,39.0,16.0,36.0,12.2,4.2,140.0,5700.0,39.0,51.0,180.0,55.0,0.0,N,1.0,1.0,1.0,0.0
55.0,91.0,179.0,1.0,28.40111107643332,0.0,0.0,0.0,0.0,1.0,1.0,0.0,0.0,0.0,1.0,0.0,0.0,120.0,80.0,0.0,0.0,0.0,0.0,0.0,1.0,0.0,0.0,0.0,0.0,0.0,0.0,0.0,0.0,1.0,0.0,0.0,N,94.0,1.3,94.0,79.0,36.0,16.0,6.0,15.3,3.8,142.0,6800.0,29.0,62.0,214.0,45.0,0.0,mild,1.0,1.0,0.0,1.0
72.0,63.0,155.0,0.0,26.22268470343392,0.0,1.0,0.0,0.0,0.0,1.0,0.0,0.0,0.0,0.0,0.0,0.0,110.0,70.0,0.0,0.0,0.0,0.0,0.0,1.0,0.0,0.0,0.0,0.0,0.0,0.0,0.0,0.0,0.0,0.0,0.0,N,89.0,1.0,90.0,110.0,46.0,16.0,20.0,11.9,4.2,140.0,6000.0,34.0,60.0,295.0,50.0,0.0,mild,1.0,0.0,0.0,1.0
66.0,62.0,154.0,0.0,26.14268848035082,1.0,0.0,0.0,0.0,1.0,1.0,0.0,0.0,0.0,0.0,0.0,0.0,110.0,80.0,0.0,0.0,0.0,0.0,0.0,0.0,1.0,0.0,1.0,0.0,0.0,0.0,0.0,0.0,0.0,0.0,1.0,N,144.0,1.0,174.0,95.0,44.0,13.0,15.0,11.5,4.3,140.0,5200.0,36.0,60.0,170.0,50.0,0.0,N,1.0,1.0,1.0,1.0
62.0,58.0,162.0,1.0,22.10028959000152,0.0,0.0,1.0,0.0,0.0,0.0,0.0,0.0,0.0,0.0,0.0,0.0,110.0,80.0,0.0,0.0,0.0,0.0,0.0,0.0,0.0,0.0,1.0,0.0,0.0,0.0,0.0,1.0,1.0,0.0,0.0,N,90.0,1.3,177.0,173.0,59.0,28.0,8.0,14.8,3.2,142.0,8900.0,25.0,66.0,192.0,45.0,0.0,Moderate,1.0,1.0,1.0,0.0
62.0,105.0,180.0,0.0,32.407407407407405,1.0,1.0,1.0,0.0,0.0,1.0,0.0,0.0,0.0,0.0,0.0,1.0,140.0,80.0,0.0,0.0,0.0,0.0,0.0,1.0,0.0,0.0,0.0,0.0,0.0,0.0,0.0,1.0,1.0,0.0,0.0,N,377.0,1.6,399.0,106.0,38.0,36.0,23.0,13.1,4.3,138.0,11000.0,32.0,60.0,189.0,40.0,0.0,mild,1.0,1.0,1.0,1.0
51.0,80.0,150.0,0.0,35.55555555555556,0.0,1.0,0.0,0.0,0.0,1.0,0.0,0.0,0.0,1.0,0.0,0.0,140.0,70.0,0.0,0.0,0.0,0.0,0.0,0.0,1.0,0.0,1.0,0.0,0.0,0.0,0.0,0.0,0.0,1.0,0.0,N,90.0,0.8,90.0,110.0,60.0,12.0,9.0,10.0,4.1,141.0,6600.0,28.0,68.0,260.0,55.0,0.0,N,0.0,0.0,0.0,0.0
62.0,84.0,169.0,1.0,29.410734918245165,0.0,1.0,0.0,1.0,0.0,1.0,0.0,0.0,0.0,0.0,0.0,0.0,140.0,70.0,0.0,0.0,0.0,1.0,0.0,1.0,0.0,3.0,0.0,0.0,0.0,0.0,0.0,0.0,1.0,0.0,0.0,N,96.0,1.3,210.0,104.0,31.0,11.0,51.0,14.3,4.5,144.0,9400.0,42.0,54.0,165.0,45.0,3.0,Moderate,1.0,1.0,1.0,1.0
54.0,68.0,166.0,1.0,24.677021338365513,0.0,1.0,0.0,1.0,0.0,0.0,0.0,0.0,0.0,0.0,0.0,0.0,140.0,70.0,0.0,0.0,0.0,0.0,0.0,1.0,1.0,0.0,0.0,0.0,0.0,1.0,0.0,0.0,0.0,0.0,0.0,N,90.0,1.2,190.0,140.0,51.0,14.0,19.0,14.2,4.0,139.0,6600.0,28.0,65.0,174.0,25.0,0.0,Moderate,1.0,1.0,1.0,1.0
64.0,81.0,168.0,1.0,28.69897959183674,1.0,1.0,0.0,0.0,0.0,1.0,0.0,0.0,0.0,0.0,0.0,1.0,130.0,70.0,0.0,0.0,0.0,0.0,0.0,1.0,0.0,0.0,0.0,0.0,0.0,0.0,0.0,0.0,0.0,0.0,0.0,N,141.0,1.1,143.0,96.0,34.0,16.0,24.0,13.8,3.7,142.0,8700.0,35.0,60.0,212.0,55.0,0.0,N,1.0,1.0,0.0,0.0
49.0,53.0,155.0,0.0,22.060353798126947,0.0,0.0,0.0,0.0,0.0,0.0,0.0,0.0,0.0,1.0,0.0,0.0,130.0,85.0,0.0,0.0,0.0,1.0,0.0,0.0,0.0,0.0,1.0,0.0,0.0,0.0,0.0,1.0,1.0,0.0,0.0,N,126.0,0.8,157.0,71.0,36.0,11.0,3.0,11.1,4.1,145.0,13000.0,26.0,67.0,283.0,45.0,0.0,mild,1.0,1.0,0.0,0.0
51.0,74.0,169.0,1.0,25.909456951787405,0.0,0.0,1.0,0.0,0.0,1.0,0.0,0.0,0.0,0.0,0.0,1.0,110.0,70.0,0.0,0.0,0.0,0.0,0.0,1.0,0.0,0.0,0.0,0.0,0.0,0.0,0.0,0.0,0.0,0.0,0.0,RBBB,110.0,1.1,166.0,180.0,111.0,13.0,17.0,13.4,3.9,140.0,8500.0,32.0,59.0,263.0,45.0,0.0,mild,1.0,1.0,0.0,1.0
49.0,80.0,175.0,1.0,26.122448979591837,0.0,1.0,0.0,0.0,0.0,1.0,0.0,0.0,0.0,0.0,0.0,0.0,135.0,80.0,0.0,0.0,0.0,0.0,0.0,1.0,0.0,0.0,0.0,0.0,0.0,0.0,0.0,0.0,0.0,0.0,0.0,N,91.0,1.0,141.0,89.0,25.0,16.0,5.0,15.9,4.1,144.0,10400.0,20.0,74.0,266.0,50.0,0.0,mild,1.0,1.0,0.0,0.0
48.0,89.0,155.0,0.0,37.04474505723204,0.0,0.0,0.0,0.0,0.0,1.0,0.0,0.0,0.0,0.0,0.0,1.0,120.0,80.0,0.0,0.0,0.0,0.0,0.0,1.0,1.0,0.0,0.0,0.0,0.0,0.0,0.0,1.0,0.0,0.0,0.0,N,140.0,0.9,46.0,142.0,83.0,9.0,67.0,11.3,4.1,143.0,6400.0,24.0,74.0,309.0,55.0,0.0,N,0.0,0.0,0.0,0.0
38.0,75.0,169.0,1.0,26.25958474843318,0.0,0.0,0.0,0.0,0.0,1.0,0.0,0.0,0.0,0.0,0.0,0.0,130.0,80.0,0.0,0.0,0.0,0.0,0.0,0.0,1.0,0.0,0.0,1.0,0.0,0.0,0.0,0.0,0.0,0.0,0.0,N,97.0,1.0,209.0,80.0,28.0,26.0,3.0,13.7,4.3,146.0,6200.0,37.0,56.0,228.0,55.0,0.0,N,0.0,0.0,0.0,0.0
52.0,75.0,163.0,1.0,28.228386465429637,0.0,0.0,0.0,0.0,0.0,1.0,0.0,0.0,0.0,0.0,0.0,0.0,100.0,64.0,0.0,0.0,0.0,0.0,0.0,0.0,0.0,0.0,1.0,0.0,0.0,0.0,0.0,0.0,0.0,0.0,0.0,N,84.0,1.1,388.0,95.0,34.0,9.0,4.0,13.4,4.2,141.0,5700.0,35.0,55.0,174.0,45.0,0.0,mild,0.0,0.0,0.0,0.0
67.0,75.0,154.0,0.0,31.624219935908247,0.0,0.0,0.0,0.0,0.0,1.0,0.0,0.0,0.0,0.0,0.0,1.0,110.0,70.0,0.0,0.0,0.0,0.0,0.0,0.0,0.0,0.0,1.0,0.0,0.0,0.0,0.0,0.0,0.0,0.0,0.0,N,87.0,0.9,94.0,52.0,32.0,23.0,45.0,12.1,4.2,146.0,7700.0,35.0,55.0,213.0,55.0,0.0,N,0.0,0.0,0.0,0.0
56.0,82.0,178.0,1.0,25.88057063502083,0.0,0.0,0.0,0.0,0.0,1.0,0.0,0.0,0.0,0.0,0.0,0.0,100.0,70.0,0.0,0.0,0.0,0.0,0.0,0.0,1.0,0.0,0.0,1.0,0.0,0.0,0.0,0.0,0.0,0.0,0.0,N,102.0,1.3,95.0,93.0,44.0,11.0,5.0,17.5,3.8,141.0,9900.0,23.0,72.0,176.0,55.0,0.0,Moderate,0.0,0.0,0.0,0.0
56.0,75.0,170.0,1.0,25.95155709342561,1.0,0.0,0.0,0.0,0.0,1.0,0.0,0.0,0.0,0.0,0.0,1.0,90.0,70.0,0.0,0.0,0.0,0.0,0.0,1.0,0.0,0.0,0.0,0.0,0.0,0.0,0.0,1.0,0.0,0.0,0.0,N,139.0,1.3,140.0,90.0,30.0,24.0,27.0,14.0,3.9,138.0,7600.0,36.0,50.0,238.0,55.0,0.0,mild,1.0,1.0,0.0,1.0
53.0,61.0,162.0,1.0,23.243408017070564,1.0,1.0,0.0,0.0,0.0,0.0,0.0,0.0,0.0,0.0,0.0,0.0,140.0,70.0,0.0,0.0,0.0,1.0,0.0,1.0,1.0,0.0,0.0,0.0,0.0,0.0,0.0,0.0,0.0,0.0,1.0,N,151.0,0.8,680.0,56.0,39.0,17.0,25.0,11.0,3.9,138.0,5100.0,35.0,58.0,170.0,25.0,0.0,Moderate,1.0,1.0,1.0,1.0
49.0,78.0,172.0,1.0,26.365603028664147,0.0,0.0,0.0,0.0,0.0,1.0,0.0,0.0,0.0,0.0,0.0,0.0,100.0,70.0,0.0,0.0,0.0,0.0,0.0,0.0,0.0,0.0,1.0,0.0,0.0,0.0,0.0,0.0,0.0,0.0,0.0,N,90.0,1.1,98.0,129.0,52.0,15.0,15.0,14.7,4.1,141.0,7900.0,32.0,58.0,252.0,55.0,0.0,N,0.0,0.0,0.0,0.0
57.0,64.0,163.0,1.0,24.088223117166624,0.0,1.0,0.0,0.0,0.0,0.0,0.0,0.0,0.0,0.0,0.0,1.0,140.0,70.0,0.0,0.0,0.0,0.0,0.0,1.0,0.0,0.0,0.0,0.0,0.0,0.0,0.0,0.0,0.0,0.0,0.0,N,85.0,0.8,94.0,148.0,30.0,14.0,12.0,13.9,4.3,142.0,5600.0,39.0,49.0,293.0,55.0,0.0,mild,1.0,1.0,0.0,0.0
51.0,75.0,164.0,1.0,27.885187388459254,0.0,0.0,0.0,0.0,0.0,1.0,0.0,0.0,0.0,0.0,0.0,0.0,120.0,80.0,0.0,0.0,0.0,0.0,0.0,0.0,1.0,0.0,1.0,0.0,0.0,0.0,0.0,0.0,0.0,0.0,0.0,RBBB,83.0,1.0,88.0,67.0,44.0,12.0,10.0,12.3,3.8,143.0,5800.0,20.0,71.0,242.0,55.0,0.0,mild,0.0,0.0,0.0,0.0
50.0,98.0,176.0,1.0,31.63739669421488,0.0,1.0,0.0,1.0,0.0,1.0,0.0,0.0,0.0,0.0,0.0,0.0,160.0,60.0,1.0,0.0,0.0,0.0,0.0,0.0,1.0,0.0,0.0,1.0,0.0,0.0,0.0,0.0,1.0,0.0,0.0,N,94.0,1.6,74.0,90.0,49.0,14.0,1.0,13.6,3.4,140.0,5200.0,34.0,57.0,224.0,55.0,0.0,mild,0.0,0.0,0.0,0.0
52.0,60.0,154.0,0.0,25.2993759487266,1.0,1.0,0.0,0.0,0.0,1.0,0.0,0.0,0.0,0.0,0.0,0.0,140.0,75.0,0.0,0.0,0.0,0.0,0.0,1.0,1.0,0.0,0.0,0.0,0.0,0.0,0.0,0.0,0.0,0.0,0.0,N,208.0,0.9,115.0,135.0,28.0,11.0,23.0,12.4,4.6,138.0,6600.0,27.0,67.0,205.0,60.0,0.0,mild,1.0,0.0,1.0,1.0
48.0,82.0,156.0,1.0,33.694937541091385,1.0,1.0,0.0,0.0,0.0,1.0,0.0,0.0,0.0,0.0,0.0,0.0,150.0,80.0,0.0,0.0,0.0,0.0,0.0,1.0,1.0,2.0,0.0,0.0,0.0,0.0,0.0,0.0,0.0,0.0,0.0,N,232.0,1.3,90.0,43.0,35.0,25.0,11.0,14.4,4.4,141.0,9200.0,26.0,66.0,252.0,40.0,0.0,N,1.0,0.0,1.0,1.0
61.0,92.0,175.0,1.0,30.040816326530614,0.0,0.0,1.0,0.0,0.0,1.0,0.0,0.0,0.0,0.0,0.0,0.0,130.0,75.0,0.0,0.0,0.0,0.0,0.0,1.0,0.0,0.0,0.0,0.0,0.0,0.0,0.0,0.0,0.0,0.0,0.0,N,108.0,0.8,130.0,108.0,39.0,17.0,3.0,14.0,4.2,139.0,5900.0,22.0,65.0,170.0,45.0,0.0,mild,1.0,1.0,1.0,0.0
56.0,72.0,163.0,0.0,27.09925100681245,0.0,0.0,0.0,0.0,0.0,1.0,0.0,0.0,0.0,0.0,0.0,1.0,120.0,70.0,0.0,0.0,0.0,0.0,0.0,0.0,0.0,0.0,1.0,0.0,0.0,0.0,0.0,1.0,0.0,0.0,0.0,N,80.0,0.8,55.0,101.0,44.0,19.0,8.0,12.8,3.9,142.0,7800.0,28.0,64.0,243.0,50.0,1.0,mild,0.0,0.0,0.0,0.0
70.0,53.0,145.0,0.0,25.20808561236623,0.0,1.0,0.0,0.0,0.0,1.0,0.0,0.0,0.0,0.0,0.0,0.0,130.0,65.0,0.0,0.0,0.0,1.0,0.0,1.0,0.0,0.0,0.0,0.0,0.0,0.0,0.0,1.0,1.0,0.0,0.0,N,99.0,1.1,110.0,140.0,35.0,18.0,41.0,11.2,4.4,143.0,8900.0,54.0,38.0,234.0,45.0,0.0,mild,1.0,1.0,0.0,1.0
48.0,80.0,167.0,0.0,28.685144680698485,0.0,0.0,0.0,0.0,0.0,1.0,0.0,0.0,0.0,0.0,0.0,1.0,130.0,80.0,0.0,0.0,0.0,0.0,0.0,0.0,0.0,0.0,1.0,0.0,0.0,0.0,0.0,0.0,0.0,0.0,0.0,N,83.0,1.1,76.0,90.0,45.0,15.0,20.0,11.0,4.0,140.0,8200.0,30.0,60.0,330.0,55.0,0.0,N,0.0,0.0,0.0,0.0
64.0,65.0,165.0,1.0,23.875114784205696,0.0,0.0,1.0,0.0,0.0,0.0,0.0,0.0,0.0,0.0,0.0,0.0,130.0,80.0,0.0,0.0,0.0,0.0,0.0,1.0,1.0,2.0,0.0,0.0,0.0,0.0,0.0,0.0,0.0,0.0,0.0,LBBB,88.0,1.0,70.0,58.0,31.0,13.0,13.0,11.2,4.3,141.0,8500.0,13.0,79.0,183.0,25.0,4.0,Moderate,1.0,1.0,0.0,0.0
76.0,60.0,164.0,1.0,22.308149910767405,0.0,0.0,0.0,1.0,0.0,0.0,0.0,0.0,0.0,0.0,0.0,0.0,130.0,70.0,0.0,0.0,0.0,0.0,0.0,0.0,1.0,0.0,0.0,0.0,0.0,0.0,0.0,1.0,0.0,0.0,0.0,N,96.0,1.1,90.0,145.0,48.0,25.0,12.0,12.1,4.3,131.0,7100.0,32.0,61.0,158.0,50.0,0.0,mild,0.0,0.0,0.0,0.0
76.0,75.0,152.0,0.0,32.46191135734072,1.0,1.0,0.0,0.0,0.0,1.0,0.0,0.0,0.0,0.0,0.0,0.0,140.0,80.0,0.0,0.0,0.0,0.0,0.0,1.0,1.0,3.0,0.0,0.0,0.0,0.0,0.0,0.0,0.0,0.0,0.0,N,160.0,1.9,236.0,141.0,52.0,31.0,37.0,13.0,3.9,140.0,7400.0,21.0,69.0,175.0,50.0,0.0,mild,1.0,1.0,1.0,1.0
55.0,71.0,150.0,0.0,31.555555555555557,1.0,1.0,0.0,0.0,0.0,1.0,0.0,0.0,0.0,0.0,0.0,1.0,150.0,100.0,0.0,0.0,0.0,0.0,0.0,1.0,1.0,0.0,0.0,0.0,0.0,0.0,0.0,1.0,1.0,0.0,0.0,N,256.0,1.0,172.0,70.0,26.0,16.0,56.0,9.0,4.3,141.0,14000.0,20.0,75.0,213.0,40.0,2.0,mild,1.0,1.0,0.0,1.0
60.0,65.0,160.0,0.0,25.390624999999996,0.0,1.0,0.0,0.0,0.0,1.0,0.0,0.0,0.0,0.0,0.0,0.0,140.0,70.0,0.0,0.0,0.0,0.0,0.0,1.0,0.0,0.0,0.0,0.0,0.0,0.0,0.0,0.0,1.0,0.0,0.0,N,95.0,0.9,103.0,75.0,38.0,12.0,64.0,13.2,4.2,138.0,6300.0,34.0,60.0,196.0,50.0,0.0,mild,1.0,1.0,0.0,1.0
55.0,66.0,152.0,0.0,28.566481994459835,0.0,0.0,0.0,0.0,0.0,1.0,0.0,0.0,0.0,0.0,0.0,1.0,100.0,70.0,0.0,0.0,0.0,0.0,0.0,0.0,0.0,0.0,1.0,0.0,0.0,0.0,0.0,1.0,1.0,0.0,0.0,N,92.0,1.1,244.0,160.0,36.0,18.0,31.0,13.9,4.3,144.0,5100.0,60.0,40.0,250.0,55.0,0.0,N,0.0,0.0,0.0,0.0
75.0,58.0,160.0,0.0,22.656249999999996,0.0,1.0,0.0,0.0,0.0,0.0,0.0,0.0,0.0,0.0,0.0,0.0,140.0,90.0,0.0,0.0,0.0,0.0,0.0,1.0,0.0,0.0,0.0,0.0,0.0,0.0,0.0,0.0,1.0,0.0,0.0,N,87.0,1.2,83.0,30.0,27.0,20.0,32.0,14.5,4.3,133.0,5500.0,31.0,62.0,211.0,40.0,1.0,mild,1.0,1.0,0.0,0.0
73.0,74.0,160.0,0.0,28.906249999999993,0.0,1.0,0.0,0.0,0.0,1.0,0.0,0.0,0.0,1.0,0.0,1.0,130.0,70.0,0.0,0.0,0.0,0.0,0.0,1.0,0.0,0.0,0.0,0.0,0.0,0.0,0.0,0.0,0.0,0.0,0.0,N,85.0,1.2,151.0,72.0,36.0,17.0,20.0,13.0,4.6,138.0,7000.0,41.0,54.0,188.0,50.0,0.0,N,1.0,0.0,0.0,1.0
46.0,71.0,160.0,0.0,27.734374999999993,1.0,1.0,0.0,0.0,1.0,1.0,0.0,0.0,0.0,0.0,0.0,0.0,140.0,90.0,0.0,0.0,0.0,0.0,0.0,1.0,0.0,0.0,0.0,0.0,0.0,0.0,0.0,0.0,1.0,0.0,0.0,N,114.0,0.7,242.0,147.0,50.0,11.0,18.0,12.4,3.8,144.0,7700.0,55.0,40.0,240.0,55.0,0.0,mild,1.0,0.0,1.0,0.0
49.0,66.0,167.0,1.0,23.66524436157625,0.0,0.0,1.0,0.0,0.0,0.0,0.0,0.0,0.0,0.0,0.0,0.0,120.0,70.0,0.0,0.0,0.0,0.0,0.0,0.0,0.0,0.0,1.0,0.0,0.0,0.0,0.0,0.0,0.0,0.0,0.0,N,121.0,1.2,373.0,156.0,36.0,14.0,7.0,13.1,4.2,142.0,17800.0,9.0,89.0,336.0,55.0,0.0,N,0.0,0.0,0.0,0.0
71.0,69.0,156.0,0.0,28.353057199211044,1.0,1.0,0.0,0.0,0.0,1.0,0.0,0.0,0.0,0.0,0.0,1.0,160.0,90.0,1.0,0.0,0.0,0.0,0.0,0.0,1.0,0.0,1.0,0.0,0.0,0.0,0.0,1.0,0.0,0.0,0.0,N,160.0,1.0,292.0,128.0,46.0,12.0,15.0,11.2,4.8,143.0,5200.0,25.0,65.0,209.0,55.0,0.0,N,1.0,1.0,1.0,0.0
55.0,92.0,173.0,1.0,30.73941661933242,0.0,0.0,0.0,0.0,0.0,1.0,0.0,0.0,0.0,0.0,0.0,0.0,120.0,80.0,0.0,0.0,0.0,0.0,0.0,1.0,0.0,2.0,0.0,0.0,0.0,0.0,0.0,0.0,0.0,0.0,0.0,N,125.0,1.2,158.0,95.0,34.0,14.0,5.0,13.6,4.0,139.0,5200.0,18.0,72.0,131.0,50.0,0.0,mild,1.0,0.0,0.0,1.0
51.0,85.0,172.0,1.0,28.73174689021093,0.0,1.0,0.0,0.0,0.0,1.0,0.0,0.0,0.0,0.0,0.0,0.0,160.0,70.0,0.0,0.0,0.0,0.0,0.0,0.0,0.0,0.0,0.0,0.0,0.0,0.0,0.0,0.0,1.0,0.0,0.0,N,76.0,1.1,221.0,111.0,32.0,14.0,68.0,11.0,4.4,140.0,6100.0,26.0,64.0,275.0,50.0,0.0,mild,1.0,0.0,0.0,1.0
70.0,70.0,161.0,0.0,27.005130974885226,0.0,1.0,0.0,0.0,0.0,1.0,0.0,0.0,0.0,0.0,0.0,0.0,140.0,70.0,0.0,0.0,0.0,0.0,0.0,0.0,0.0,0.0,0.0,1.0,0.0,0.0,0.0,0.0,1.0,0.0,0.0,N,98.0,1.0,166.0,122.0,40.0,11.0,10.0,13.2,4.4,143.0,5500.0,31.0,57.0,182.0,50.0,0.0,mild,0.0,0.0,0.0,0.0
56.0,60.0,158.0,0.0,24.034609838166958,0.0,0.0,0.0,0.0,0.0,0.0,0.0,0.0,0.0,0.0,0.0,1.0,100.0,70.0,0.0,0.0,0.0,0.0,0.0,0.0,0.0,0.0,1.0,0.0,0.0,0.0,0.0,0.0,0.0,0.0,0.0,N,104.0,0.8,227.0,127.0,47.0,16.0,19.0,12.6,4.3,140.0,7400.0,23.0,70.0,270.0,55.0,0.0,N,0.0,0.0,0.0,0.0
50.0,80.0,175.0,1.0,26.122448979591837,0.0,1.0,0.0,0.0,0.0,1.0,0.0,0.0,0.0,0.0,0.0,0.0,140.0,80.0,0.0,0.0,0.0,0.0,0.0,0.0,1.0,0.0,0.0,0.0,0.0,0.0,0.0,0.0,0.0,1.0,0.0,N,86.0,1.3,114.0,125.0,44.0,12.0,17.0,14.9,3.9,153.0,5700.0,36.0,57.0,190.0,50.0,0.0,mild,0.0,0.0,0.0,0.0
56.0,62.0,154.0,0.0,26.14268848035082,0.0,0.0,0.0,0.0,0.0,1.0,0.0,0.0,0.0,0.0,0.0,1.0,110.0,70.0,0.0,0.0,0.0,0.0,0.0,0.0,0.0,0.0,1.0,0.0,0.0,0.0,0.0,0.0,1.0,0.0,0.0,N,151.0,1.4,124.0,80.0,45.0,41.0,19.0,13.9,4.5,138.0,5700.0,37.0,55.0,240.0,45.0,0.0,Moderate,0.0,0.0,0.0,0.0
67.0,68.0,150.0,0.0,30.22222222222222,0.0,1.0,0.0,0.0,0.0,1.0,0.0,0.0,0.0,0.0,0.0,1.0,140.0,70.0,0.0,0.0,0.0,0.0,0.0,0.0,0.0,0.0,1.0,0.0,0.0,0.0,0.0,0.0,0.0,1.0,0.0,N,98.0,0.7,93.0,92.0,47.0,21.0,24.0,13.8,4.7,144.0,6800.0,33.0,57.0,301.0,50.0,0.0,N,1.0,0.0,1.0,1.0
67.0,75.0,155.0,0.0,31.217481789802285,0.0,0.0,0.0,0.0,0.0,1.0,0.0,0.0,0.0,0.0,0.0,1.0,110.0,70.0,0.0,0.0,0.0,0.0,0.0,0.0,1.0,0.0,0.0,0.0,0.0,0.0,0.0,1.0,1.0,0.0,0.0,N,93.0,0.8,90.0,112.0,42.0,11.0,20.0,13.8,3.8,141.0,8700.0,36.0,51.0,196.0,55.0,0.0,mild,0.0,0.0,0.0,0.0
58.0,75.0,166.0,1.0,27.21730294672667,0.0,0.0,0.0,0.0,1.0,1.0,0.0,0.0,0.0,0.0,0.0,1.0,110.0,70.0,0.0,0.0,0.0,0.0,0.0,0.0,0.0,0.0,1.0,0.0,0.0,0.0,0.0,1.0,0.0,0.0,0.0,N,86.0,1.2,84.0,72.0,27.0,15.0,2.0,15.1,3.7,141.0,7300.0,33.0,62.0,181.0,55.0,0.0,N,0.0,0.0,0.0,0.0
53.0,79.0,175.0,1.0,25.79591836734694,0.0,1.0,0.0,0.0,0.0,1.0,0.0,0.0,0.0,0.0,0.0,0.0,140.0,85.0,0.0,0.0,0.0,0.0,0.0,0.0,0.0,0.0,1.0,0.0,0.0,0.0,0.0,0.0,0.0,0.0,0.0,N,85.0,1.1,112.0,99.0,15.9,14.0,2.0,12.9,3.8,137.0,5800.0,23.0,69.0,198.0,45.0,0.0,N,0.0,0.0,0.0,0.0
57.0,85.0,174.0,1.0,28.075042938300964,1.0,1.0,0.0,0.0,0.0,1.0,0.0,0.0,0.0,0.0,0.0,1.0,140.0,80.0,0.0,0.0,0.0,1.0,0.0,0.0,0.0,0.0,0.0,0.0,0.0,0.0,0.0,0.0,0.0,1.0,0.0,N,190.0,1.2,96.0,112.0,30.0,17.0,11.0,15.6,3.9,142.0,7800.0,38.0,49.0,301.0,60.0,0.0,mild,0.0,0.0,0.0,0.0
59.0,79.0,159.0,1.0,31.24876389383331,0.0,0.0,0.0,0.0,0.0,1.0,0.0,0.0,0.0,0.0,0.0,0.0,100.0,60.0,0.0,0.0,0.0,0.0,0.0,0.0,0.0,0.0,1.0,0.0,0.0,0.0,0.0,0.0,0.0,0.0,0.0,N,90.0,1.1,450.0,90.0,30.0,14.0,5.0,15.2,3.6,141.0,6500.0,36.0,59.0,177.0,50.0,0.0,mild,0.0,0.0,0.0,0.0
64.0,70.0,175.0,1.0,22.857142857142858,1.0,0.0,1.0,0.0,0.0,0.0,0.0,0.0,0.0,0.0,0.0,1.0,100.0,80.0,0.0,0.0,0.0,1.0,0.0,0.0,1.0,3.0,1.0,0.0,0.0,0.0,0.0,1.0,1.0,0.0,0.0,N,112.0,0.8,147.0,82.0,25.0,20.0,67.0,12.3,3.7,140.0,11300.0,23.0,70.0,266.0,50.0,0.0,Moderate,1.0,1.0,1.0,1.0
62.0,48.0,152.0,0.0,20.775623268698062,0.0,1.0,0.0,0.0,0.0,0.0,0.0,0.0,0.0,0.0,0.0,1.0,180.0,80.0,0.0,0.0,0.0,0.0,0.0,0.0,1.0,0.0,0.0,1.0,0.0,0.0,0.0,0.0,0.0,0.0,0.0,LBBB,94.0,0.8,100.0,78.0,41.0,22.0,49.0,9.0,3.6,143.0,4800.0,30.0,56.0,360.0,45.0,0.0,mild,0.0,0.0,0.0,0.0
42.0,63.0,163.0,1.0,23.711844630960897,0.0,0.0,0.0,0.0,1.0,0.0,0.0,0.0,0.0,0.0,0.0,0.0,120.0,70.0,0.0,0.0,0.0,0.0,0.0,0.0,1.0,0.0,1.0,0.0,0.0,0.0,0.0,0.0,0.0,0.0,0.0,N,202.0,1.0,204.0,120.0,41.0,19.0,3.0,11.0,3.9,141.0,8400.0,45.0,47.0,292.0,50.0,0.0,mild,0.0,0.0,0.0,0.0
30.0,100.0,172.0,1.0,33.802055164954034,0.0,0.0,1.0,0.0,1.0,1.0,0.0,0.0,0.0,0.0,0.0,0.0,110.0,60.0,0.0,0.0,0.0,0.0,0.0,0.0,0.0,0.0,1.0,0.0,0.0,0.0,0.0,0.0,0.0,0.0,0.0,N,83.0,1.0,205.0,97.0,53.0,20.0,16.0,13.1,4.0,143.0,9100.0,39.0,60.0,294.0,55.0,1.0,N,0.0,0.0,0.0,0.0
58.0,84.0,168.0,1.0,29.761904761904766,0.0,0.0,0.0,0.0,0.0,1.0,0.0,0.0,0.0,0.0,0.0,0.0,100.0,76.0,0.0,0.0,0.0,0.0,0.0,1.0,0.0,0.0,0.0,0.0,0.0,0.0,0.0,0.0,0.0,0.0,0.0,N,92.0,1.0,112.0,115.0,44.0,13.0,13.0,12.3,4.8,146.0,8500.0,34.0,58.0,251.0,45.0,0.0,N,1.0,1.0,1.0,1.0
55.0,64.0,152.0,0.0,27.700831024930746,0.0,0.0,0.0,0.0,0.0,1.0,0.0,0.0,0.0,0.0,0.0,0.0,100.0,60.0,0.0,0.0,0.0,1.0,0.0,0.0,1.0,0.0,1.0,0.0,0.0,0.0,0.0,0.0,0.0,0.0,0.0,LBBB,86.0,0.9,111.0,40.0,23.0,23.0,3.0,12.4,4.0,139.0,11400.0,16.0,80.0,377.0,40.0,0.0,mild,0.0,0.0,0.0,0.0
48.0,77.0,160.0,0.0,30.078124999999993,0.0,1.0,0.0,0.0,1.0,1.0,0.0,0.0,0.0,0.0,0.0,0.0,130.0,70.0,0.0,0.0,0.0,0.0,0.0,0.0,0.0,0.0,0.0,1.0,0.0,0.0,0.0,0.0,0.0,0.0,0.0,RBBB,83.0,1.0,93.0,112.0,42.0,13.0,20.0,12.8,4.0,140.0,9000.0,35.0,55.0,279.0,55.0,0.0,N,0.0,0.0,0.0,0.0
57.0,90.0,159.0,0.0,35.59985760056959,1.0,0.0,0.0,0.0,0.0,1.0,0.0,0.0,0.0,0.0,0.0,0.0,100.0,60.0,0.0,0.0,0.0,0.0,0.0,0.0,1.0,0.0,1.0,0.0,0.0,0.0,0.0,0.0,0.0,0.0,0.0,N,96.0,1.0,116.0,130.0,49.0,14.0,31.0,10.1,3.8,141.0,3800.0,48.0,40.0,208.0,55.0,0.0,N,0.0,0.0,0.0,0.0
56.0,85.0,170.0,0.0,29.411764705882355,0.0,1.0,1.0,0.0,0.0,1.0,0.0,0.0,0.0,0.0,0.0,0.0,120.0,80.0,0.0,0.0,0.0,0.0,0.0,1.0,0.0,0.0,0.0,0.0,0.0,0.0,0.0,0.0,1.0,0.0,0.0,N,78.0,0.7,139.0,124.0,34.0,16.0,13.0,14.7,4.4,147.0,6000.0,32.0,55.0,302.0,55.0,0.0,N,1.0,1.0,0.0,0.0
