target,variant,n_features,auc,auc_std,brier_cal,delta_auc,delta_lo,delta_hi,verdict
cad,full,54,0.9256691401014245,0.04968124657966475,0.10124322260284639,,,,
cad,no_body,51,0.9302622669927733,0.04906790795591486,0.10046161512664904,0.0045931268913485205,-0.0062323969895882805,0.015418650772285322,no meaningful loss
cad,bmi_only,52,0.9273507993754231,0.04325986185846333,0.09875842386161222,0.001681659273998548,-0.005135705516122431,0.008499024064119527,no meaningful loss
lad,full,54,0.8527711843711844,0.05808557707312671,0.15309864966611592,,,,
lad,no_body,51,0.8575028083028083,0.06838760206230814,0.15462506558031425,0.004731623931623896,-0.01365024021488661,0.023113488078134403,no meaningful loss
lad,bmi_only,52,0.8563550671550673,0.0645979317144186,0.15569836750477617,0.0035838827838827747,-0.009544771899303285,0.016712537467068835,no meaningful loss
lcx,full,54,0.7274260673717194,0.07464951245207783,0.2052118753350479,,,,
lcx,no_body,51,0.7305329786308048,0.06864389237036803,0.20581369120148288,0.003106911259085221,-0.023337948137823274,0.02955177065599372,no meaningful loss
lcx,bmi_only,52,0.718821266919093,0.08385798502164594,0.20966277161240807,-0.008604800452626505,-0.02497012629095143,0.007760525385698418,no meaningful loss
rca,full,54,0.7202016766089993,0.06443572998157907,0.20367828193274065,,,,
rca,no_body,51,0.7181618585508746,0.051918357781627816,0.20478349428047782,-0.0020398180581246983,-0.02402048234123703,0.019940846224987634,no meaningful loss
rca,bmi_only,52,0.717565318595067,0.06001544940884203,0.20538858225395457,-0.0026363580139323606,-0.025218053686660878,0.019945337658796157,no meaningful loss
