target,model,metric,mean,std,n_folds
cad,dummy,accuracy,0.7128961748633881,0.006967557506297517,15
cad,dummy,precision,0.7128961748633881,0.006967557506297517,15
cad,dummy,recall,1.0,0.0,15
cad,dummy,f1,0.8323688609125502,0.00475343755626152,15
cad,dummy,roc_auc,0.5,0.0,15
cad,logreg,accuracy,0.8459016393442625,0.03596207916779733,15
cad,logreg,precision,0.9289573883788292,0.033224125645943944,15
cad,logreg,recall,0.8501761804087383,0.04738119803429265,15
cad,logreg,f1,0.8867660053448257,0.02785226019360203,15
cad,logreg,roc_auc,0.9177898455600233,0.0343062031827588,15
cad,rf,accuracy,0.8723679417122039,0.03765182918478764,15
cad,rf,precision,0.9043364357621182,0.037115623867984344,15
cad,rf,recall,0.919908386187456,0.031964958519255064,15
cad,rf,f1,0.91148575626457,0.025621876529737044,15
cad,rf,roc_auc,0.926388601012404,0.031261646310828124,15
cad,xgb,accuracy,0.8700728597449908,0.03405651735826196,15
cad,xgb,precision,0.893225935279374,0.03507177461707961,15
cad,xgb,recall,0.9304792107117689,0.029277603771184525,15
cad,xgb,f1,0.9109265731399733,0.022608291006568308,15
cad,xgb,roc_auc,0.9142554132294215,0.038418465121294404,15
lad,dummy,accuracy,0.5841530054644809,0.006234744502095618,15
lad,dummy,precision,0.5841530054644809,0.006234744502095618,15
lad,dummy,recall,1.0,0.0,15
lad,dummy,f1,0.7374773919334418,0.004980877166041463,15
lad,dummy,roc_auc,0.5,0.0,15
lad,logreg,accuracy,0.729271402550091,0.051968094166241666,15
lad,logreg,precision,0.7906860873093823,0.05142635022313578,15
lad,logreg,recall,0.7343386243386243,0.07493801603475717,15
lad,logreg,f1,0.7590805537654789,0.04964972589191846,15
lad,logreg,roc_auc,0.820238665038665,0.05824885585591361,15
lad,rf,accuracy,0.7910018214936245,0.037068741060703785,15
lad,rf,precision,0.8028411332622991,0.03750213479284728,15
lad,rf,recall,0.8551851851851854,0.06647802017578966,15
lad,rf,f1,0.8263390376375581,0.03407809559923634,15
lad,rf,roc_auc,0.8540328856328856,0.04902462334782254,15
lad,xgb,accuracy,0.76775956284153,0.04033800637990698,15
lad,xgb,precision,0.789693072244633,0.04389885504165465,15
lad,xgb,recall,0.8267195767195769,0.07266173278450413,15
lad,xgb,f1,0.8053862960285879,0.03706591033785874,15
lad,xgb,roc_auc,0.8280275132275131,0.05301860818623631,15
lcx,dummy,accuracy,0.6072677595628414,0.005529280121513304,15
lcx,dummy,precision,0.0,0.0,15
lcx,dummy,recall,0.0,0.0,15
lcx,dummy,f1,0.0,0.0,15
lcx,dummy,roc_auc,0.5,0.0,15
lcx,logreg,accuracy,0.6248269581056466,0.07624397711214428,15
lcx,logreg,precision,0.5294378714845901,0.09195119761953355,15
lcx,logreg,recall,0.5851449275362319,0.06854710244786616,15
lcx,logreg,f1,0.5527411556683675,0.07064920684187498,15
lcx,logreg,roc_auc,0.6796485797391595,0.0677038559600862,15
lcx,rf,accuracy,0.6798178506375228,0.042947962526940366,15
lcx,rf,precision,0.6045075037733538,0.0642477057058193,15
lcx,rf,recall,0.541183574879227,0.09367502870077168,15
lcx,rf,f1,0.5676650659719055,0.06935551550672739,15
lcx,rf,roc_auc,0.7308459727843785,0.06336314472252302,15
lcx,xgb,accuracy,0.6854826958105648,0.04457033100947349,15
lcx,xgb,precision,0.6335219994430521,0.08477600512574679,15
lcx,xgb,recall,0.49371980676328503,0.07018234006188982,15
lcx,xgb,f1,0.5515263473964221,0.0595739216359811,15
lcx,xgb,roc_auc,0.7436726581654118,0.0673407580134317,15
rca,dummy,accuracy,0.6237704918032787,0.00555352893421775,15
rca,dummy,precision,0.0,0.0,15
rca,dummy,recall,0.0,0.0,15
rca,dummy,f1,0.0,0.0,15
rca,dummy,roc_auc,0.5,0.0,15
rca,logreg,accuracy,0.6679417122040072,0.05063831837885428,15
rca,logreg,precision,0.5506978801064821,0.057182465348977814,15
rca,logreg,recall,0.6525691699604742,0.11645043852667036,15
rca,logreg,f1,0.5937534497883946,0.07001975002332221,15
rca,logreg,roc_auc,0.7192727572590273,0.05666631651881426,15
rca,rf,accuracy,0.6799817850637523,0.0485958708523342,15
rca,rf,precision,0.600708779238191,0.1049179155303026,15
rca,rf,recall,0.49683794466403164,0.1066691644260517,15
rca,rf,f1,0.5356078677479429,0.0754871554461189,15
rca,rf,roc_auc,0.72268604156476,0.05052371862041172,15
rca,xgb,accuracy,0.668998178506375,0.05942839342715266,15
rca,xgb,precision,0.5836462724091834,0.11307767118439796,15
rca,xgb,recall,0.48616600790513836,0.1420354193298019,15
rca,xgb,f1,0.5184900751012546,0.09645149713765314,15
rca,xgb,roc_auc,0.7032853739947562,0.05878603892859686,15
