target,model,auc_raw,auc_raw_std,auc_cal,brier_raw,brier_cal
cad,logreg,0.9207775428705661,0.04512856471807323,0.9246286393345218,0.11017604517429418,0.10213029097504522
cad,rf,0.9279169948458594,0.04773703874907448,0.9257907391286324,0.11470513213613746,0.10153716377061439
cad,xgb,0.924383368569415,0.055566702807616636,0.9205564537301882,0.10003990679979324,0.10339019039313105
lad,logreg,0.8238661782661783,0.05182253983967763,0.8260986568986569,0.172388183365939,0.1703770838426273
lad,rf,0.8575780219780219,0.060524465526678124,0.8541357753357752,0.1610784613670844,0.15262978056229237
lad,xgb,0.8463599511599511,0.06591160582949383,0.851080341880342,0.1589891344308853,0.15759103854196388
lcx,logreg,0.6969695238716977,0.07933888826759275,0.691277962745354,0.22809658774518646,0.21609863852693612
lcx,rf,0.7233554206380293,0.08431599224027585,0.7252399138268704,0.20863980768055468,0.20595867767598194
lcx,xgb,0.7274260673717194,0.07464951245207783,0.7381090329459894,0.2067297488451004,0.2052118753350479
rca,logreg,0.7114708842397628,0.018428730255339053,0.71643296094097,0.22135735003006468,0.20666464811181498
rca,rf,0.7179608566336256,0.060411017606312484,0.7184823371322226,0.20793191272451406,0.2062449644447449
rca,xgb,0.7006991493261516,0.05784148339247959,0.7133740772184708,0.22592824399471284,0.21158417523006134
