cad_prob,cad_true,lad_prob,lad_true,lcx_prob,lcx_true,rca_prob,rca_true
0.6131959073618751,1,0.3000756883445173,1,0.3414607598914078,0,0.10842960327863693,1
0.9773849307089506,1,0.9280757866993247,1,0.5730776525561032,1,0.6465177536010742,0
0.9488001079113559,1,0.9168708920048794,1,0.23353659153054013,0,0.1989777609705925,0
0.6496496311644622,0,0.44728389868225815,0,0.29718015153701355,0,0.5756124556064606,0
0.37928176227502847,0,0.21469000131067223,0,0.21569784199182018,0,0.14984697848558426,0
0.7158723216199673,1,0.6191900256156553,1,0.36555911526936374,1,0.5026288628578186,1
0.94358148140089,1,0.8665224007176264,1,0.21137219020367493,0,0.19398807734251022,0
0.9691095146833337,1,0.8904695555522602,1,0.37705141835557404,1,0.60269895195961,1
0.24383505736228064,0,0.13273137035048083,0,0.23961227569419424,0,0.06762512400746346,0
0.9547512288615412,1,0.7964922324778471,0,0.5400917033351711,1,0.40228819847106934,1
0.9223329939816264,1,0.6014862884642482,1,0.4707840385209152,1,0.30058588832616806,0
0.9771330149152888,1,0.9074579222079371,1,0.4453093902865698,1,0.41412630677223206,1
0.9418492954187112,1,0.8322739467879887,1,0.48105094430449613,0,0.7107611000537872,1
0.898449673219125,1,0.6910852891896263,1,0.4491840409349288,0,0.6441741585731506,1
0.6562465377834706,1,0.3714254369018568,1,0.36656533004741887,0,0.2966194376349449,0
0.9700914384792645,1,0.8466583527264218,1,0.5923644421904503,1,0.8564977049827576,1
0.3491997648598019,0,0.2594894009572396,0,0.25046060398902786,0,0.06932185404002666,0
0.3563315584288046,0,0.14407349487015794,0,0.3507239105084201,0,0.1530986651778221,0
0.942940243518031,1,0.6910714155817247,1,0.6399941601612902,0,0.7294935286045074,1
0.9778274060772844,1,0.8363332337207001,0,0.6002468933935925,1,0.5036271959543228,0
0.04408589348327743,1,0.07520101255358393,0,0.26573199615083426,1,0.0884002260863781,0
0.9475230031045718,1,0.7504998897554324,1,0.47314986075097465,1,0.3551051467657089,0
0.9673552963072521,1,0.8752677141563183,1,0.5125529313030134,1,0.7715774476528168,0
0.982317245601567,1,0.8086535947885447,1,0.5749312417106514,0,0.8790680468082428,1
0.9202678362165344,1,0.5660368759148953,1,0.28757367219603047,0,0.5340453088283539,0
0.9709104747800197,1,0.9390338240634756,1,0.42311912704896426,0,0.4624186307191849,0
0.28017032401493003,0,0.25369310141725493,0,0.2318029941561231,0,0.23410172015428543,0
0.23908754083773207,1,0.2705954953307575,0,0.2585231890944508,0,0.2550816386938095,1
0.9714051540974373,1,0.9168851440968446,1,0.49543956106870035,1,0.4247855544090271,0
0.9749832368242696,1,0.8842515323441762,0,0.752037946456453,1,0.4300992488861084,0
0.946266908907908,1,0.7475430717529379,1,0.5566620197015149,0,0.5263508856296539,0
0.9282587766326189,1,0.7140749239366231,0,0.4714008049329189,1,0.35694481432437897,1
0.9652404018222538,1,0.7929492872933889,1,0.48921111913976567,1,0.6898545622825623,1
0.9575640167757002,1,0.6521941278540961,1,0.47286037902661393,1,0.5337752103805542,1
0.863750698879854,1,0.7872037102203495,1,0.3100503704160773,0,0.1810379922389984,1
0.10613715469838433,0,0.14173121748221035,0,0.24151759568336784,0,0.1370473876595497,0
0.9776132716304238,1,0.7474700074483611,1,0.42954317709567064,1,0.4419132322072983,0
0.6862672929742744,1,0.7351681827359181,1,0.27796956570708903,1,0.13937299698591232,0
0.9145540273776265,1,0.7475456545844652,1,0.42970398811718724,0,0.2517276406288147,0
0.9717993143957446,1,0.8635054804031439,1,0.5036466343566354,1,0.34461019933223724,1
0.9392079637892372,1,0.8377260834627145,1,0.4700877544814115,0,0.552429124712944,0
0.25168873359124233,0,0.11189799999231947,0,0.24649898728755648,0,0.16597549617290497,0
0.2467440806699226,0,0.1686034182287432,0,0.2587411421834988,0,0.02226321864873171,0
0.7174247634461333,1,0.4204443423083535,1,0.5094129642047052,0,0.18340658396482468,0
0.8057613868898081,1,0.6807088680315554,0,0.30271654984685126,0,0.41148293018341064,1
0.9483879676642814,1,0.8744035999066995,1,0.2586801961353424,1,0.5649218857288361,1
0.9366052025278297,1,0.6550034625367754,1,0.23028679827573445,1,0.07260000519454479,1
0.971249457700863,1,0.8861133301368591,1,0.4405379104847599,1,0.6677767932415009,1
0.15537907967280457,0,0.1498221563368489,0,0.22986696505427834,0,0.2271076813340187,0
0.586878276522835,1,0.28059281478736237,0,0.3653243599974169,0,0.27917008101940155,1
0.6545156341948046,1,0.48214388168092426,0,0.5506853900573677,1,0.22129301726818085,0
0.9467281086250181,1,0.6564780257669829,1,0.45521770580784104,1,0.28097715228796005,0
0.9771687461858615,1,0.9465512316787519,1,0.6356255283400594,0,0.5271508395671844,1
0.6113861413462676,1,0.5846708491509718,0,0.33866210759438653,0,0.22263142466545105,1
0.26964164393146595,0,0.2849348679648169,0,0.2621152841310576,0,0.18249742686748505,0
0.9742389677533079,1,0.9280436110511041,1,0.36168185043096823,1,0.4591735154390335,1
0.95982378341306,1,0.7151314747785729,1,0.33589322874049404,1,0.49935154616832733,1
0.9755175856825999,1,0.9013502920404193,1,0.6894925735802763,1,0.26474958658218384,1
0.31751886473458046,1,0.22078317393830035,1,0.2872469710161705,1,0.2035219669342041,0
0.971327463560892,1,0.9309948369839076,1,0.47509376972233225,1,0.5889831185340881,1
0.3446806048676023,0,0.2815528409551971,0,0.2175804362429511,0,0.12870118767023087,0
0.5612983421719768,1,0.40184531534290463,1,0.22308355209083902,0,0.18182168155908585,1
0.25163213861846395,1,0.1382151270779154,1,0.32685442845648893,0,0.13485919311642647,1
0.9275522021020689,1,0.6188471662279555,1,0.41867526536308064,1,0.29882197082042694,1
0.1880931317439071,0,0.14384645712747743,0,0.21676101577570875,0,0.07924868352711201,0
0.915996356897227,1,0.7311708357641997,0,0.3761042024711538,1,0.1854833960533142,0
0.9676930369379892,1,0.909893327193183,1,0.46479767741089917,0,0.3391243815422058,0
0.7987171408345819,0,0.5405718333688885,0,0.3154102225607551,0,0.20061005651950836,0
0.3221253690010277,0,0.12188064878434124,0,0.249538561305645,0,0.08948347344994545,0
0.9329990145126499,1,0.7357837567886969,1,0.5091961190360929,1,0.33543290197849274,1
0.21751811124585346,0,0.090710585829811,0,0.285840940171237,0,0.11437803506851196,0
0.957105390108819,1,0.9116663575146484,1,0.550026986669258,1,0.8152256309986115,1
0.9187130900959646,1,0.72915007535643,1,0.3528347816237184,0,0.653942197561264,0
0.8951049436111524,1,0.6604368431664802,0,0.4036990033877186,0,0.4952675551176071,1
0.9807565191216217,1,0.9398515631365678,1,0.6698285165525648,1,0.7267547249794006,1
0.6907671988191847,1,0.3658288374987779,1,0.3459882417780921,0,0.13672741502523422,0
0.9714389197716597,1,0.758268275430076,1,0.6429349307472974,0,0.5527085065841675,0
0.7801776212378628,1,0.6114992228815115,0,0.5409414866772577,1,0.10749870166182518,0
0.9182422428451118,1,0.8044222295519741,1,0.28361564951980467,1,0.3374176248908043,0
0.15085354797781086,0,0.1373600607219152,0,0.368851025752453,0,0.2508503347635269,0
0.9686392926546088,1,0.8812836929099113,1,0.546233784597791,1,0.7855557203292847,1
0.9789864214321993,1,0.9253459487230586,1,0.39549263934922385,0,0.4780057370662689,0
0.7936132745620627,1,0.455449458399229,1,0.6003478333225414,1,0.497946098446846,0
0.8754188028967855,1,0.7573172333824769,1,0.3311328520002268,0,0.14411253854632378,0
0.9668053855849496,1,0.8776046657084542,0,0.3707180930327201,0,0.631111204624176,1
0.7433852187812557,1,0.4622956292419058,0,0.4352774235313367,1,0.23147595673799515,0
0.9640874112582425,1,0.7333001298551702,1,0.4681404402131027,1,0.7159005403518677,1
0.9473126984447309,1,0.8075720322779987,1,0.5614179066166103,1,0.32057131826877594,1
0.9600101208848706,1,0.8877532600438198,0,0.5422716094345238,1,0.7141921520233154,0
0.9681860416277291,1,0.8699781128438346,1,0.38655494401245094,1,0.7719663977622986,1
0.6731189907043896,1,0.4651724128921409,0,0.5867024827334576,1,0.41265691816806793,1
0.4612684054425416,0,0.20605531402422123,0,0.2884514456670152,0,0.10063060559332371,0
0.9500086148222329,1,0.8639646986868121,1,0.6208560013388981,1,0.781613290309906,1
0.959121267517014,0,0.8270715449164234,1,0.5990328106613112,0,0.38747715950012207,0
0.9626725500720581,1,0.9238712890424963,1,0.2514721212896211,0,0.5784391760826111,0
0.9542833526818648,1,0.9147032138344833,1,0.2830102178056445,1,0.46188513934612274,0
0.9278017768835247,1,0.8653610784358743,1,0.5542249893506992,1,0.5484702885150909,1
0.8694097800431029,1,0.8003203600753113,1,0.3452254910643017,1,0.707174688577652,0
0.9664703262901737,1,0.8894468257163921,1,0.5637103603566618,1,0.39534956216812134,0
0.7044592967351431,1,0.6418265141555439,1,0.24270117789335752,0,0.12426597997546196,0
0.9416016811972963,1,0.8366525069610251,1,0.5744527349211135,0,0.7417783737182617,0
0.9562723917553717,1,0.9331916534762168,1,0.6437744398573568,1,0.5824478566646576,1
0.10410352743540785,0,0.108252766645482,0,0.2595943259990096,0,0.11795968934893608,0
0.9655569343988649,1,0.9001291673225605,1,0.3831666926464138,1,0.3162461221218109,1
0.7793419348000974,1,0.5771230600011965,0,0.278075146814547,1,0.31878650188446045,0
0.8842544905683671,1,0.7993847517796044,1,0.2194019360897975,0,0.2859256714582443,0
0.9340636187632918,1,0.7162765924091923,1,0.7113095946800723,0,0.16247375681996346,0
0.7550907012946244,1,0.5184180047423502,1,0.3601861366866855,1,0.361187681555748,1
0.19846862780862773,0,0.24171850573240816,0,0.306863319635164,0,0.11171114817261696,0
0.9747684061721313,1,0.598326182887467,0,0.5401086835935541,1,0.3614457845687866,1
0.2430204097198664,1,0.2139596801682656,0,0.33266911109292296,1,0.12418257817626,0
0.9492579122543856,1,0.7469016802835083,1,0.49296936245472844,1,0.4373747408390045,0
0.9437816684769114,1,0.7182764658903251,0,0.4885025686915029,1,0.5240127444267273,1
0.030141657875826785,0,0.0654523166894746,0,0.19566802706569816,0,0.10180370137095451,0
0.9825524073370328,1,0.932483270039896,1,0.7031438146446747,1,0.8811602294445038,1
0.9584125644181758,1,0.5642706442921114,0,0.5412289617745982,1,0.39239658415317535,1
0.9362485271937089,1,0.871775758683889,1,0.4315318554662496,0,0.2321382537484169,0
0.9670009056108951,1,0.8433674337194867,1,0.6355852145824515,1,0.3632209450006485,0
0.9683400124987898,1,0.7539145925730298,1,0.4822318310363156,0,0.4382825046777725,0
0.8429035890730348,1,0.7381937813403623,1,0.48331273202748193,1,0.17421405762434006,1
0.8721405220781239,1,0.5875167667274954,1,0.46601260355710694,1,0.2287636324763298,1
0.8128020490516215,1,0.7320665512621589,0,0.5272310665126971,0,0.7137208580970764,1
0.8938244916903783,1,0.6520426833031374,0,0.6092683139737599,1,0.32852986454963684,0
0.49163186241896406,1,0.45389926664657965,1,0.5581969367239742,1,0.1591055616736412,0
0.8157503600737599,1,0.7081254277832858,1,0.3662957000265124,0,0.2624471038579941,0
0.879155450839797,1,0.625506459456793,1,0.3152719144002846,1,0.25176120549440384,1
0.9146532556233291,1,0.8419847925763653,1,0.5098402395866682,0,0.5035375207662582,1
0.9533256245517042,1,0.9130899814497347,1,0.653346458419935,0,0.46941210329532623,0
0.8071165221516701,1,0.7166852375376102,1,0.30035313559236515,0,0.11331644654273987,1
0.33817524396170706,0,0.3227925906663688,0,0.21408021953108225,0,0.31653016805648804,0
0.30955208142525226,0,0.17134486866419016,0,0.33962796137831464,0,0.13317934423685074,0
0.9851003612277796,1,0.9394481053549861,1,0.3540761428283401,0,0.7291446924209595,0
0.9635123246853988,1,0.9318721751043622,1,0.4878271268651796,0,0.6030334532260895,1
0.8034784405801925,0,0.5644871181261142,0,0.27352554542459545,0,0.28096963465213776,0
0.9171332069109509,1,0.5968369680016579,1,0.2746112288616478,0,0.3076593577861786,0
0.8230208442878308,1,0.4884360873063246,1,0.27295341648984583,0,0.5089305937290192,1
0.31163790306683326,0,0.22589055837792626,0,0.20386542011282222,0,0.10573336109519005,0
0.16259424761599425,0,0.12887979173458158,0,0.23987196204007943,0,0.13307379931211472,0
0.959091313085445,1,0.7665611928349019,1,0.4133339663617484,1,0.6975431740283966,1
0.9779630212005714,1,0.8918533346894717,1,0.3622375368393791,1,0.887075811624527,1
0.9276263913659666,1,0.8808165655678949,1,0.2125462289745123,0,0.16184768825769424,0
0.9755555696432539,1,0.8640332437392646,1,0.3902406462215785,0,0.6242222785949707,0
0.37014016314195264,1,0.24301268899920492,1,0.2057025666027531,1,0.14181404933333397,0
0.029587397592230228,0,0.052836557119203764,0,0.23693144064061872,0,0.03518552519381046,0
0.9298240462660088,1,0.8619697398767394,1,0.28757277255431646,1,0.7625965774059296,1
0.8780952348221582,1,0.7273189312475137,0,0.5591600879242887,1,0.746503084897995,0
0.9802361955562393,1,0.9419922900621596,1,0.7306667354918641,0,0.8924189209938049,0
0.8326246267839742,1,0.593162446546152,1,0.22058888323043668,1,0.5416084378957748,1
0.8213017393477682,1,0.5898439911733692,1,0.41413179428665525,1,0.6900284290313721,1
0.9436223512092982,1,0.8218482715974441,1,0.41022544639548947,1,0.6283453702926636,1
0.6130451892748486,0,0.2972051880977554,0,0.3135469966551273,0,0.16033045202493668,0
0.5073504514773133,0,0.31234616253823666,0,0.3715342020510026,0,0.15904691070318222,0
0.8720604412350048,1,0.4668046894474554,1,0.4198116871468094,0,0.2767368257045746,0
0.5660424232414936,0,0.2998123029971361,0,0.2991119877340027,0,0.2970280647277832,0
0.8751634561380846,1,0.739669785237344,0,0.250175610756748,0,0.13204164430499077,1
0.9621724644131536,1,0.8655095814079379,1,0.5412518375693063,1,0.7069188356399536,0
0.9006257331474977,1,0.7200845221209462,1,0.3694822180078958,1,0.6239402592182159,1
0.6988679958525803,1,0.5814248900194168,1,0.30267344821748093,1,0.20899557322263718,1
0.32319584504896837,1,0.4241625152017686,0,0.3346513526816651,1,0.1753111407160759,1
0.9765035980336034,1,0.9241252586686115,1,0.5117096205486342,0,0.690751850605011,0
0.9244177664144491,1,0.80669443742691,0,0.38276375879674673,0,0.41398636996746063,1
0.9734820084772369,1,0.949288538937312,1,0.6334532231822241,0,0.7726078033447266,0
0.9533290886819767,1,0.8493623690036257,1,0.4529903492119226,0,0.6742871105670929,0
0.782026538251227,1,0.6399223849123816,1,0.5066281185017127,1,0.47322218120098114,1
0.977104351476231,1,0.9206004006150728,1,0.6345964632622498,1,0.8075427711009979,1
0.824561749548192,1,0.49462119059815624,1,0.46351235183025924,0,0.26066068559885025,0
0.3494208558791132,0,0.13544394538238747,0,0.23636254745321653,0,0.029144873842597008,0
0.8806899454861251,1,0.5817965339988005,1,0.32867797453763353,1,0.2916072681546211,0
0.1849569972267367,0,0.2710070506017898,0,0.19611739447542748,0,0.08973705023527145,0
0.16325512946923154,0,0.1807887479355268,0,0.24542426559381003,0,0.05236961506307125,0
0.3171204983623646,0,0.22855578713293517,0,0.276857463524454,0,0.1396903470158577,0
0.9239442169607148,1,0.7018352193269766,1,0.2525680600474886,0,0.31923675537109375,0
0.922316224451769,1,0.5712827613078185,1,0.38283425882763705,0,0.5154362767934799,0
0.9767570173636182,1,0.7845643043756692,1,0.6098647631639287,1,0.6174549460411072,1
0.9819521861915868,1,0.917995691798563,1,0.6069751597343374,1,0.8023218810558319,1
0.8442855202577848,0,0.41040999269650213,0,0.5148076030854731,0,0.38877739012241364,0
0.1262235960493137,1,0.12166722362900906,1,0.19974500951896373,0,0.16820137202739716,0
0.9376196811899167,1,0.8000019735792256,1,0.4631408383424241,1,0.41608336567878723,1
0.8769456376382398,1,0.605504335221458,1,0.5342721762927667,1,0.25901179015636444,0
0.22259755231524397,0,0.15096171587988877,0,0.41811098661324125,0,0.13546650856733322,0
0.30557152814990807,1,0.28641431584272103,1,0.3551175665271121,0,0.4013468027114868,1
0.9591494275445752,1,0.8062356297982278,1,0.4554599920048399,1,0.4660854935646057,0
0.6747320842482527,1,0.5448100913969869,1,0.4478058029204419,1,0.34634852409362793,1
0.9040357272365376,0,0.5111268053679342,0,0.33698933108424745,0,0.2627647817134857,0
0.9332198222609627,1,0.8883187867879254,1,0.26822702717292163,1,0.255790114402771,0
0.7080482547314733,0,0.48641817035506063,0,0.2542467646008078,0,0.15355391800403595,0
0.7468490794881549,0,0.6312405852633161,0,0.4220536581777898,0,0.2346825748682022,0
0.9432967659642678,1,0.8386687291893246,1,0.3481917653811274,1,0.35591019690036774,0
0.4903379720002328,1,0.2696191389245015,1,0.2410584339111424,0,0.062113916501402855,0
0.9556664998947795,1,0.8662921991724812,1,0.5346640261469036,1,0.5483346283435822,1
0.6696381369891933,0,0.7350622919024227,0,0.3862850400818203,0,0.11361727491021156,0
0.9522471576301162,1,0.8826493015215805,1,0.3975919599691458,0,0.3697376698255539,0
0.06095132391394939,0,0.11388572026717561,0,0.21006434257383683,0,0.03996499255299568,0
0.5574706837404362,0,0.388415518964768,0,0.22890465602128457,0,0.5487499535083771,0
0.17110758705892096,0,0.12287447858866767,0,0.27780659319306256,0,0.07602966576814651,0
0.933573137844276,1,0.755693507312116,0,0.46162607169467385,0,0.26862894743680954,1
0.29733909613702475,0,0.17315687563874424,0,0.27122585037868946,0,0.26966704428195953,0
0.9556173582845486,1,0.9040442502769204,1,0.510366796141942,1,0.6582354605197906,1
0.9537567498001056,1,0.7891868417181473,1,0.611053335439458,0,0.4704592376947403,0
0.3325573962287295,0,0.2565783566723063,0,0.3169398317685789,0,0.12897639721632004,0
0.9486971115305419,1,0.7477671086866036,1,0.3716015401141196,0,0.5400046408176422,0
0.5202213591102957,0,0.36955433822982153,0,0.35656901286612874,0,0.16452816128730774,0
0.9710611632027351,1,0.8867118966321432,1,0.6164829281862583,1,0.5252123028039932,1
0.32341962957303505,0,0.13716864167884435,0,0.28478075336658404,0,0.1350603587925434,0
0.574125429054769,0,0.4411869338474427,0,0.2133461036772178,0,0.16574126482009888,0
0.5154401166755629,1,0.4563815092428396,0,0.2791708243573516,0,0.06876004114747047,1
0.9641491183283788,1,0.7302980459213174,1,0.4172873737563495,1,0.6811484694480896,1
0.9121350735091049,1,0.7703410711658383,1,0.3788179910411976,0,0.6051188111305237,0
0.9139651740256104,1,0.6197188237807169,1,0.3449861436985107,0,0.3980071693658829,1
0.9524725745073652,1,0.7025735959134746,1,0.6219052577931914,0,0.6983626186847687,0
0.10513792236580649,0,0.103577117638216,0,0.27704274937638995,0,0.16655383259058,0
0.8857179675348654,1,0.7512892035252021,1,0.38357186606523064,0,0.6829834282398224,1
0.07611855675261692,0,0.10772145672616765,0,0.17478456112203475,0,0.05248725041747093,0
0.9338856662078462,0,0.6053516976409318,0,0.6391560680789488,0,0.3285471946001053,0
0.8952977717248172,0,0.9013327306111478,0,0.41765462515187857,0,0.7432851493358612,0
0.9663060772175931,1,0.8058095601710021,1,0.4716026964829254,0,0.6003559529781342,0
0.6223068538750197,0,0.6276735525584451,0,0.4477543510141272,0,0.32148410379886627,0
0.5245067474937262,0,0.2622619571833648,0,0.22493770388242942,0,0.13134238868951797,0
0.27349004540063077,0,0.1943275134612159,0,0.23187272689028215,0,0.08284887671470642,0
0.10700003246774292,1,0.09699327517128718,1,0.19928773849674553,1,0.1621386557817459,1
0.8820055178925051,1,0.7983917744567282,1,0.5660719595864926,1,0.684574156999588,1
0.8456581350387797,1,0.6863927311742783,1,0.40064135740004037,1,0.26960262656211853,0
0.9439164558259332,1,0.8087140699806714,1,0.5230566345390399,1,0.862167239189148,1
0.7058892885873684,1,0.2878659117667993,1,0.22501960373974053,1,0.18082815408706665,1
0.980546576769932,1,0.9183826992069613,1,0.4586415239274729,0,0.49010373651981354,0
0.8424282211510056,1,0.5326106135991043,0,0.43915514992496485,0,0.3497108817100525,1
0.9414437374948947,1,0.7857312436322437,1,0.2853094033253493,1,0.31346921622753143,1
0.8756517887010891,1,0.5716105770484079,1,0.23232938986766333,1,0.2152196317911148,0
0.8319399446414997,1,0.586717372313909,1,0.42818906931759015,0,0.24708355963230133,1
0.934986247643168,1,0.6980583863794659,1,0.35248798554207794,1,0.4988411217927933,0
0.9806006416390878,1,0.9220400648204736,1,0.7527794211113505,0,0.7385503947734833,0
0.9788774960852502,1,0.9338262304930762,0,0.5028115994468606,0,0.8048554360866547,1
0.9667872794687556,1,0.8556090052144858,1,0.41247072311684707,1,0.34006382524967194,1
0.3240583520763542,0,0.21860113931178526,0,0.32673095212241626,0,0.19154955446720123,0
0.2821002178597838,0,0.17446769934855913,0,0.2669454649252302,0,0.4467073380947113,0
0.9438731961957147,1,0.8735464524392622,1,0.6535482798206985,1,0.47818322479724884,0
0.6687404986427685,1,0.6668431212771699,1,0.22743574218732,1,0.1217324249446392,0
0.844421966760138,1,0.6009441708257444,1,0.27434156935091975,0,0.20677118375897408,0
0.15624764387471224,1,0.1384876746640624,1,0.350223845716944,0,0.13544948399066925,0
0.9531096784040292,1,0.8310010307981773,1,0.41097234704365493,0,0.45775139331817627,0
0.977532329964619,1,0.9442599162796477,1,0.6955461449768685,0,0.6499146223068237,1
0.3717385036450888,1,0.17729238282431786,1,0.34926929891981984,1,0.3394271582365036,0
0.896814727632935,1,0.7943862082515736,1,0.4184529284052732,0,0.2731139212846756,1
0.9106948610961709,1,0.7553625251793314,0,0.27339479152747853,0,0.4359196871519089,1
0.4763887515519768,1,0.18164450902310025,1,0.34412047935289547,1,0.1996871903538704,1
0.5793740305673645,1,0.47347244608581496,1,0.45848942090131606,1,0.5638268887996674,0
0.9896663690293857,1,0.9186984360415658,1,0.627020485071362,1,0.8128647804260254,1
0.10381393922897467,0,0.1198680387718551,0,0.23020216817228706,0,0.06180702522397041,0
0.9832736692018008,1,0.9287697505714911,1,0.6483936671694308,1,0.6545047461986542,1
0.9091526991087362,1,0.8495773735003331,1,0.5265209124175056,1,0.6088144779205322,1
0.9687886989376506,1,0.6851628294091854,1,0.54417691801637,0,0.7608297169208527,0
0.4502457233348492,1,0.2750062670116014,1,0.24219988545552187,0,0.04263780638575554,0
0.867550117319313,1,0.6949702065755141,1,0.25340136165874233,0,0.6026307940483093,1
0.8553159933631406,1,0.5541848988460343,1,0.41573579722191156,0,0.36780552566051483,0
0.8181266629043562,0,0.5666921976170398,0,0.2687708063906791,0,0.3154664486646652,0
0.2551994140155818,0,0.138650266035133,0,0.20365486438061203,0,0.06960302963852882,0
0.18129625522496484,0,0.14408376567230494,0,0.20818211022907065,0,0.2957385629415512,0
0.28591178392344596,0,0.15613244359363232,0,0.26091369551509985,0,0.16013365983963013,0
0.2399407711096504,0,0.15125278746382026,0,0.45461696330674595,0,0.3588937222957611,0
0.866762437645461,1,0.600320768749069,1,0.3551737862662122,0,0.2965931296348572,1
0.9574595383538332,1,0.8302577250730204,1,0.37245569572538934,1,0.6533507108688354,1
0.031467535764877264,0,0.04053573671398553,0,0.22457135694368285,0,0.10898265615105629,0
0.6819116569479915,1,0.5375671194796802,1,0.3143828001371869,0,0.22782821208238602,0
0.044970105884019326,0,0.12729260033845283,0,0.16306832569625235,0,0.09664691984653473,0
0.2500554904489775,0,0.13978719658200675,0,0.23964529371012439,0,0.06225433014333248,0
0.9480193395170955,1,0.7872719009012537,0,0.3979573604079101,1,0.6751734614372253,1
0.9308592114628702,1,0.7682930551488403,0,0.5127962774047499,1,0.3693697899580002,1
0.9510634125366073,1,0.8003424062833895,1,0.5249893489718905,1,0.37087830901145935,0
0.3327862644429346,0,0.4228439390941814,0,0.179411267097486,0,0.06216857023537159,0
0.9596013051304002,1,0.8243030694713717,1,0.44585106861773327,0,0.26213574409484863,1
0.05912481928573067,0,0.06312238437751644,0,0.22697606654122143,0,0.07791901007294655,0
0.9601133634429142,1,0.9180120777763154,1,0.4661874019501978,0,0.5146750211715698,0
0.7521321258856788,0,0.5606032362671769,0,0.4223791236982481,0,0.3512338548898697,0
0.9789940799805342,1,0.8810687544395177,1,0.6540900853452373,1,0.8860976099967957,1
0.9855049563567717,1,0.9586011348228589,1,0.4984886370214641,0,0.5530621409416199,1
0.9714419693737018,1,0.8407922141258484,1,0.3028341526563102,0,0.36108075082302094,1
0.2183465013198525,0,0.22074582540979185,0,0.25493782608088894,0,0.24708400666713715,0
0.985291616184554,1,0.9225913687196807,1,0.417122342281564,0,0.4755876511335373,0
0.9513892919090121,1,0.8189753467453116,0,0.42278362447644935,0,0.2775028273463249,1
0.863891194015035,1,0.66149816415332,0,0.33313777758778024,1,0.2950534075498581,0
0.4429274540087037,0,0.28265897566157583,0,0.2716852646938964,0,0.6501368880271912,0
0.8641239959781131,1,0.45458635617817755,1,0.344859896185895,1,0.2979883998632431,0
0.933098085280585,1,0.818169028930517,0,0.5236660738225258,0,0.2560326009988785,1
0.6899411354094658,1,0.48475679652849296,0,0.22092533344022786,0,0.18526668101549149,1
0.7665346669802492,0,0.34961990353263184,0,0.5286336573037116,0,0.22325168550014496,0
0.15216103913460416,0,0.12872711111110402,0,0.21157933635475717,0,0.3438814729452133,0
0.22158272009995467,0,0.19261400652290517,0,0.427313315948993,0,0.1114333551377058,0
0.5199692022150249,0,0.4453870459261966,0,0.29951867668089727,0,0.14499671012163162,0
0.5421766995637061,1,0.261050939371873,0,0.22698335846386186,1,0.13481753319501877,1
0.34176556649985673,0,0.19446891860806342,0,0.20916116908316484,0,0.16438529640436172,0
0.06576364409814366,0,0.11290591000764677,0,0.2744915468536372,0,0.12187689542770386,0
0.35559890514618364,0,0.3506021750948158,0,0.2756856378720047,0,0.14870557934045792,0
0.7799319877239748,0,0.5002324749297031,0,0.3305283456867364,0,0.28553710877895355,0
0.17672321651602824,0,0.12354909453640428,0,0.2561381362926277,0,0.2296159490942955,0
0.7003614911862912,1,0.6337738627885359,1,0.27521688368741526,1,0.700766384601593,1
0.7766396359296308,0,0.5896417927447344,0,0.31527949492618534,0,0.23053444921970367,0
0.27112509331986884,0,0.18114846133974571,0,0.30444812579544905,0,0.1354719214141369,0
0.26281719080026317,0,0.2493809070759724,0,0.27235798406860096,0,0.1000133529305458,0
0.8866571334265865,1,0.7222130499302304,1,0.3545584340519421,1,0.19218669086694717,1
0.23724127597319852,0,0.33733359675493846,0,0.23187440996671066,0,0.09816428646445274,0
0.17264730580892437,0,0.08904269722560199,0,0.23764411111889033,0,0.057468680664896965,0
0.08398113912075003,0,0.11363672137840382,0,0.2835759186798251,0,0.05638709105551243,0
0.8464473251207087,1,0.5774834837222537,1,0.49860247112217587,0,0.16798818483948708,0
